id,observed_on_string,observed_on,time_observed_at,time_zone,user_id,user_login,created_at,updated_at,quality_grade,license,url,image_url,sound_url,tag_list,description,num_identification_agreements,num_identification_disagreements,captive_cultivated,oauth_application_id,place_guess,latitude,longitude,positional_accuracy,private_place_guess,private_latitude,private_longitude,public_positional_accuracy,geoprivacy,taxon_geoprivacy,coordinates_obscured,positioning_method,positioning_device,place_state_name,place_country_name,species_guess,scientific_name,common_name,iconic_taxon_name,taxon_id
1554345,15/11/1998,15/11/1998,,Auckland,57661,pjd1,2015-05-28 03:06:06 UTC,2019-08-19 17:03:13 UTC,research,CC-BY,http://naturewatch.org.nz/observations/1554345,https://inaturalist-open-data.s3.amazonaws.com/photos/1925154/medium.JPG,,,"This is Ungeria floribunda (Malvaceae or Sterculiaceae) the bastard oak of Norfolk Island. Now a very uncommon (threatened) tree of mid slope Norfolk Pine (Araucaria heterophylla) forest. Very rarely seen in flower now, and even more rarely seen setting seed. Ungeria is an endemic, Norfolk Island monotypic genus.",1,0,FALSE,,"Norfolk Island group, Norfolk Island, Norfolk Island National Park, Red Road to Mt Pitt Track",-29.012751,167.945809,58,,,,58,,,FALSE,,,,Norfolk Island,Ungeria floribunda,Ungeria floribunda,,Plantae,465148
4895403,24/11/2016,24/11/2016,,Auckland,80375,ianoftawa,2017-01-04 23:10:16 UTC,2022-01-10 09:27:42 UTC,research,CC-BY,http://naturewatch.org.nz/observations/4895403,https://inaturalist-open-data.s3.amazonaws.com/photos/5954736/medium.jpeg,,"fern, terrestrial, Pteris, Norfolk Island",terrestrial fern in a gully in scrubby forest (Norfolk Island hibiscus),2,0,FALSE,,"Phillip Island, Norfolk Island group",-29.118997,167.959369,100,,,,100,,,FALSE,,,,Norfolk Island,Shaking Brake,Pteris tremula,Shaking Brake,Plantae,78778
4895843,26/11/2016,26/11/2016,,Auckland,80375,ianoftawa,2017-01-05 00:47:44 UTC,2017-01-24 09:09:15 UTC,research,CC-BY,http://naturewatch.org.nz/observations/4895843,https://inaturalist-open-data.s3.amazonaws.com/photos/5955443/medium.jpeg,,"fern, terrestrial, Microsorum, Norfolk Island",terrestrial fern in forest,1,0,FALSE,,"Mt. Bates, Norfolk Island",-29.012206,167.939295,200,,,,200,,,FALSE,,,,Norfolk Island,Hound's Tongue Fern,Microsorum pustulatum,kangaroo fern,Plantae,64060
4895909,26/11/2016,26/11/2016,,Auckland,80375,ianoftawa,2017-01-05 00:54:21 UTC,2017-01-05 05:05:17 UTC,research,CC-BY,http://naturewatch.org.nz/observations/4895909,https://inaturalist-open-data.s3.amazonaws.com/photos/5955536/medium.jpeg,,"fern, terrestrial, Pteridium, Norfolk Island",terrestrial fern on an open slope,1,0,FALSE,,"Mt. Bates, Norfolk Island",-29.01324,167.939404,100,,,,100,,,FALSE,,,,Norfolk Island,Bracken,Pteridium esculentum,Austral Bracken,Plantae,194768
4899357,26/11/2016,26/11/2016,,Auckland,80375,ianoftawa,2017-01-05 19:30:47 UTC,2017-01-24 09:08:03 UTC,research,CC-BY,http://naturewatch.org.nz/observations/4899357,https://inaturalist-open-data.s3.amazonaws.com/photos/5960340/medium.jpeg,,"fern, terrestrial, Asplenium, Norfolk Island",terrestrial fern in open and semi-open forest sites.  Specimens appear to have a more 'delicate' tufted appearance compared with plants of this (?) species in New Zealand.,1,0,FALSE,,"Mt. Bates, Norfolk Island",-29.01324,167.939404,100,,,,100,,,FALSE,,,,Norfolk Island,Mare's Tail Fern,Asplenium polyodon,Mare's Tail Fern,Plantae,158794
4913131,26/11/2016,26/11/2016,,Auckland,80375,ianoftawa,2017-01-08 15:56:18 UTC,2017-01-24 09:07:17 UTC,research,CC-BY,http://naturewatch.org.nz/observations/4913131,https://inaturalist-open-data.s3.amazonaws.com/photos/5980742/medium.jpeg,,"fern, terrestrial, Blechnum, Norfolk Island",Terrestrial fern in forest; reasonably common,1,0,FALSE,,"Mt. Bates, Norfolk Island",-29.01324,167.939404,150,,,,150,,,FALSE,,,,Norfolk Island,Rasp fern,Blechnum parrisiae,Rasp fern,Plantae,446744
5010412,13/12/2016,13/12/2016,,Auckland,80375,ianoftawa,2017-01-26 21:53:50 UTC,2017-01-26 22:16:52 UTC,needs_id,CC-BY,http://naturewatch.org.nz/observations/5010412,https://inaturalist-open-data.s3.amazonaws.com/photos/6127313/medium.jpeg,,"fern, terrestrial, Pyrrosia, Norfolk Island",Uncommon fern; growing on a large rock in a well-shaded broad-leaved/Norfolk Pine forest.,0,0,FALSE,,"Mt. Bates, Norfolk Island",-29.012521,167.946443,100,,,,100,,,FALSE,,,,Norfolk Island,Pyrrosia confluens,Pyrrosia confluens,,Plantae,489272
5010439,13/12/2016,13/12/2016,,Auckland,80375,ianoftawa,2017-01-26 22:03:28 UTC,2021-08-26 03:20:01 UTC,research,CC-BY,http://naturewatch.org.nz/observations/5010439,https://inaturalist-open-data.s3.amazonaws.com/photos/6127405/medium.jpeg,,"fern, terrestrial, Tmesipteris, Norfolk Island",Uncommon epiphyte in forest.,2,0,FALSE,,"Mt. Bates, Norfolk Island",-29.012521,167.946443,150,,,,150,,,FALSE,,,,Norfolk Island,Tmesipteris norfolkensis,Tmesipteris norfolkensis,,Plantae,852415
5010520,13/12/2016,13/12/2016,,Auckland,80375,ianoftawa,2017-01-26 22:15:17 UTC,2017-01-26 23:18:37 UTC,research,CC-BY,http://naturewatch.org.nz/observations/5010520,https://inaturalist-open-data.s3.amazonaws.com/photos/6127483/medium.jpeg,,"fern, terrestrial, Asplenium, Norfolk Island",common tufted terrestrial fern in semi-open and in shaded forest sites.,1,0,FALSE,,"Mt. Bates, Norfolk Island",-29.01324,167.939404,200,,,,200,,,FALSE,,,,Norfolk Island,Asplenium dimorphum,Asplenium dimorphum,,Plantae,430696
5010614,13/12/2016,13/12/2016,,Auckland,80375,ianoftawa,2017-01-26 22:36:57 UTC,2017-01-27 04:37:33 UTC,research,CC-BY,http://naturewatch.org.nz/observations/5010614,https://inaturalist-open-data.s3.amazonaws.com/photos/6127668/medium.jpeg,,"fern, terrestrial, Adiantum, Norfolk Island",Common terrestrial fern in various semi-shaded habitats.,1,0,FALSE,,"Mt. Bates, Norfolk Island",-29.012521,167.946443,150,,,,150,,,FALSE,,,,Norfolk Island,Rose Maidenhair-fern,Adiantum hispidulum,Rough Maidenhair Fern,Plantae,158020
5010679,13/12/2016,13/12/2016,,Auckland,80375,ianoftawa,2017-01-26 22:54:46 UTC,2017-01-26 23:21:06 UTC,research,CC-BY,http://naturewatch.org.nz/observations/5010679,https://inaturalist-open-data.s3.amazonaws.com/photos/6127804/medium.jpeg,,"fern, terrestrial, Adiantum, Norfolk Island",terrestrial fern in damp well-shaded places on broadleaved forest.,1,0,FALSE,,"Mt. Bates, Norfolk Island",-29.012521,167.946443,200,,,,200,,,FALSE,,,,Norfolk Island,Filmy Maidenhair,Adiantum diaphanum,Filmy Maidenhair,Plantae,327382
5010737,13/12/2016,13/12/2016,,Auckland,80375,ianoftawa,2017-01-26 23:09:23 UTC,2017-01-26 23:17:41 UTC,research,CC-BY,http://naturewatch.org.nz/observations/5010737,https://inaturalist-open-data.s3.amazonaws.com/photos/6127891/medium.jpeg,,"fern, terrestrial, Arthropteris, Norfolk Island",uncommon terrestrial fern on rocks in a well-shaded damp forest.,1,0,FALSE,,"Mt. Bates, Norfolk Island",-29.012521,167.946443,200,,,,200,,,FALSE,,,,Norfolk Island,Climbing Fern,Arthropteris tenella,Climbing Fern,Plantae,370450
5011751,13/12/2016,13/12/2016,,Auckland,80375,ianoftawa,2017-01-27 03:15:58 UTC,2021-09-24 11:49:47 UTC,research,CC-BY,http://naturewatch.org.nz/observations/5011751,https://inaturalist-open-data.s3.amazonaws.com/photos/6129538/medium.jpeg,,"fern, terrestrial, Cyathea, Norfolk Island",Tall tree fern in a semi-open forest site at the summit of Mt. Bates (alt. 318 m).,1,0,FALSE,,"Mt. Bates, Norfolk Island",-29.011357,167.93998,10,,,,10,,,FALSE,,,,Norfolk Island,Norfolk tree fern,Sphaeropteris excelsa,Norfolk tree fern,Plantae,1105429
5011825,13/12/2016,13/12/2016,,Auckland,80375,ianoftawa,2017-01-27 03:32:58 UTC,2021-12-03 02:02:51 UTC,research,CC-BY,http://naturewatch.org.nz/observations/5011825,https://inaturalist-open-data.s3.amazonaws.com/photos/6129645/medium.jpeg,,"fern, terrestrial, Asplenium, Norfolk Island",A small locally common tufted terrestrial fern in sandy coastal sites in Norfolk pine forest.,2,0,FALSE,,"""Hundred Acres"" Reserve, Norfolk Island",-29.050494,167.921233,50,,,,50,,,FALSE,,,,Norfolk Island,Asplenium difforme,Asplenium difforme,,Plantae,897298
12889940,2016/07/25 2:20 PM EDT,25/07/2016,2016-07-25 18:20:00 UTC,Eastern Time (US & Canada),975206,micahfreedman,2018-05-28 13:24:50 UTC,2021-09-24 12:22:07 UTC,research,CC-BY-NC,https://www.inaturalist.org/observations/12889940,https://inaturalist-open-data.s3.amazonaws.com/photos/18716048/medium.jpeg,,,,3,0,FALSE,,Norfolk Island,-29.0282272,167.9258725,1345,,,,1345,,open,FALSE,,,,Norfolk Island,Norfolk Island araucaria,Araucaria heterophylla,Norfolk Island Pine,Plantae,127890
35100192,Wed Oct 30 2019 14:17:45 GMT+1200 (GMT+12),30/10/2019,2019-10-30 01:17:45 UTC,Auckland,1531472,maryannirvin,2019-10-30 20:48:02 UTC,2022-02-19 08:34:23 UTC,research,CC-BY-NC,https://www.inaturalist.org/observations/35100192,https://inaturalist-open-data.s3.amazonaws.com/photos/55328585/medium.jpg,,,,2,0,FALSE,3,,-29.13992217,167.8116483,6,,,,29533,,obscured,TRUE,,,,Norfolk Island,Austrocallerya australis,Austrocallerya australis,,Plantae,1144119
35222960,Thu Oct 31 2019 13:33:40 GMT+1200 (GMT+12),31/10/2019,2019-10-31 00:33:40 UTC,Auckland,1531472,maryannirvin,2019-11-03 02:01:45 UTC,2020-07-02 02:38:17 UTC,needs_id,CC-BY-NC,https://www.inaturalist.org/observations/35222960,https://inaturalist-open-data.s3.amazonaws.com/photos/55585768/medium.jpg,,,,0,0,FALSE,3,Norfolk Island,-29.02644381,167.9403653,4,,,,4,,,FALSE,,,,Norfolk Island,Norfolk Tree Fern,Sphaeropteris excelsa,Norfolk tree fern,Plantae,1105429
35262557,Fri Nov 01 2019 10:44:09 GMT+1200 (GMT+12),1/11/2019,2019-10-31 21:44:09 UTC,Auckland,1531472,maryannirvin,2019-11-04 00:46:37 UTC,2020-05-27 07:35:35 UTC,research,CC-BY-NC,https://www.inaturalist.org/observations/35262557,https://inaturalist-open-data.s3.amazonaws.com/photos/55587332/medium.jpg,,,,1,0,FALSE,3,"Norfolk Island (Mt Pitt), NF",-29.00383725,167.9449873,4,,,,4,,,FALSE,,,,Norfolk Island,Dodonaea viscosa viscosa,Dodonaea viscosa viscosa,Sticky Dodonea,Plantae,412387
35262794,Fri Nov 01 2019 11:21:08 GMT+1200 (GMT+12),1/11/2019,2019-10-31 22:21:08 UTC,Auckland,1531472,maryannirvin,2019-11-04 00:49:37 UTC,2020-05-27 07:35:05 UTC,needs_id,CC-BY-NC,https://www.inaturalist.org/observations/35262794,https://inaturalist-open-data.s3.amazonaws.com/photos/55587509/medium.jpg,,,Plant without leaves. It parasitises nearby trees. Found in the National Park,1,0,FALSE,3,"Norfolk Island (Mt Pitt), NF",-29.00731455,167.9515653,8,,,,8,,,FALSE,,,,Norfolk Island,Exocarpos phyllanthoides,Exocarpos phyllanthoides,,Plantae,1046747
35478698,2018/04/20 10:02 AM AEST,20/04/2018,2018-04-20 00:02:00 UTC,Brisbane,2384650,bmac111,2019-11-09 06:22:32 UTC,2020-05-27 07:33:22 UTC,research,CC-BY-NC,https://www.inaturalist.org/observations/35478698,https://inaturalist-open-data.s3.amazonaws.com/photos/55946943/medium.jpeg,,,,1,0,FALSE,,"Norfolk Island (Mt Pitt), NF",-29.01022839,167.9526398,31,,,,31,,,FALSE,,,,Norfolk Island,Meryta angustifolia,Meryta angustifolia,,Plantae,963442
35480562,2018/04/21 12:21 PM AEST,21/04/2018,2018-04-21 02:21:00 UTC,Brisbane,2384650,bmac111,2019-11-09 07:22:40 UTC,2020-04-06 08:42:19 UTC,research,CC-BY-NC,https://www.inaturalist.org/observations/35480562,https://inaturalist-open-data.s3.amazonaws.com/photos/55949532/medium.jpeg,,,,1,0,FALSE,,Norfolk Island,-29.05066621,167.9238569,15,,,,15,,,FALSE,,,,Norfolk Island,Bird's nest fern,Asplenium australasicum,Bird's nest fern,Plantae,83561
35504567,2018/04/21 7:54 AM AEST,21/04/2018,2018-04-20 21:54:00 UTC,Brisbane,2384650,bmac111,2019-11-09 22:11:53 UTC,2020-05-27 07:30:19 UTC,research,CC-BY-NC,https://www.inaturalist.org/observations/35504567,https://inaturalist-open-data.s3.amazonaws.com/photos/55989662/medium.jpeg,,,,1,0,FALSE,,"Norfolk Island (Mt Pitt), NF",-29.00362606,167.9450941,31,,,,31,,,FALSE,,,,Norfolk Island,Dodonaea viscosa viscosa,Dodonaea viscosa viscosa,Sticky Dodonea,Plantae,412387
35504785,2018/04/21 7:18 AM AEST,21/04/2018,2018-04-20 21:18:00 UTC,Brisbane,2384650,bmac111,2019-11-09 22:17:53 UTC,2020-05-27 07:31:51 UTC,research,CC-BY-NC,https://www.inaturalist.org/observations/35504785,https://inaturalist-open-data.s3.amazonaws.com/photos/55990079/medium.jpeg,,,,1,0,FALSE,,"Norfolk Island (Mt Pitt), NF",-29.00603805,167.9477841,31,,,,31,,,FALSE,,,,Norfolk Island,Abutilon julianae,Abutilon julianae,,Plantae,963576
35505075,2018/04/20 11:25 AM AEST,20/04/2018,2018-04-20 01:25:00 UTC,Brisbane,2384650,bmac111,2019-11-09 22:24:38 UTC,2021-08-26 03:19:32 UTC,research,CC-BY-NC,https://www.inaturalist.org/observations/35505075,https://inaturalist-open-data.s3.amazonaws.com/photos/55990542/medium.jpeg,,,,1,0,FALSE,,"Norfolk Island (Mt Pitt), NF",-29.01117676,167.9454912,15,,,,15,,,FALSE,,,,Norfolk Island,Asplenium dimorphum,Asplenium dimorphum,,Plantae,430696
35505197,2018/04/21 6:26 AM AEST,21/04/2018,2018-04-20 20:26:00 UTC,Brisbane,2384650,bmac111,2019-11-09 22:27:34 UTC,2021-09-24 11:50:47 UTC,research,CC-BY-NC,https://www.inaturalist.org/observations/35505197,https://inaturalist-open-data.s3.amazonaws.com/photos/55990700/medium.jpeg,,,,1,0,FALSE,,"Norfolk Island (Mt Pitt), NF",-29.00949632,167.9475234,61,,,,61,,,FALSE,,,,Norfolk Island,Norfolk tree fern,Sphaeropteris excelsa,Norfolk tree fern,Plantae,1105429
35505560,2018/04/20 10:21 AM AEST,20/04/2018,2018-04-20 00:21:00 UTC,Brisbane,2384650,bmac111,2019-11-09 22:36:02 UTC,2020-05-27 07:28:40 UTC,research,CC-BY-NC,https://www.inaturalist.org/observations/35505560,https://inaturalist-open-data.s3.amazonaws.com/photos/55991201/medium.jpeg,,,,2,0,FALSE,,"Norfolk Island (Mt Pitt), NF",-29.01142535,167.9563799,31,,,,31,,,FALSE,,,,Norfolk Island,Exocarpos phyllanthoides,Exocarpos phyllanthoides,,Plantae,1046747
35505708,2018/04/20 10:30 AM AEST,20/04/2018,2018-04-20 00:30:00 UTC,Brisbane,2384650,bmac111,2019-11-09 22:41:07 UTC,2020-05-27 07:28:30 UTC,research,CC-BY-NC,https://www.inaturalist.org/observations/35505708,https://inaturalist-open-data.s3.amazonaws.com/photos/55991565/medium.jpeg,,,,1,0,FALSE,,Norfolk Island,-29.01038635,167.9564384,31,,,,31,,,FALSE,,,,Norfolk Island,Pittosporum bracteolatum,Pittosporum bracteolatum,,Plantae,961853
35505841,2018/04/23 8:23 AM AEST,23/04/2018,2018-04-22 22:23:00 UTC,Brisbane,2384650,bmac111,2019-11-09 22:43:30 UTC,2020-05-27 07:25:54 UTC,research,CC-BY-NC,https://www.inaturalist.org/observations/35505841,https://inaturalist-open-data.s3.amazonaws.com/photos/55991732/medium.jpeg,,,,2,0,FALSE,,"Burnt Pine 2899, Norfolk Island",-29.02606783,167.9404362,4,,,,4,,,FALSE,,,,Norfolk Island,Piper excelsum psittacorum,Piper excelsum psittacorum,,Plantae,466010
35505957,2018/04/23 8:22 AM AEST,23/04/2018,2018-04-22 22:22:00 UTC,Brisbane,2384650,bmac111,2019-11-09 22:46:55 UTC,2019-11-09 22:46:55 UTC,needs_id,CC-BY-NC,https://www.inaturalist.org/observations/35505957,https://inaturalist-open-data.s3.amazonaws.com/photos/55991953/medium.jpeg,,,,0,0,FALSE,,"Burnt Pine 2899, Norfolk Island",-29.02599616,167.940514,8,,,,8,,,FALSE,,,,Norfolk Island,Capparis nobilis,Capparis nobilis,,Plantae,963578
35516991,2018/04/20 10:51 AM AEST,20/04/2018,2018-04-20 00:51:00 UTC,Brisbane,2384650,bmac111,2019-11-10 04:28:03 UTC,2020-05-27 07:31:17 UTC,research,CC-BY-NC,https://www.inaturalist.org/observations/35516991,https://inaturalist-open-data.s3.amazonaws.com/photos/56011569/medium.jpeg,,,,1,0,FALSE,,"Norfolk Island (Mt Pitt), NF",-29.00983272,167.9545398,15,,,,15,,,FALSE,,,,Norfolk Island,Elaeodendron curtipendulum,Elaeodendron curtipendulum,,Plantae,963606
35517529,2018/04/20 9:52 AM AEST,20/04/2018,2018-04-19 23:52:00 UTC,Brisbane,2384650,bmac111,2019-11-10 04:47:09 UTC,2020-05-27 07:25:30 UTC,research,CC-BY-NC,https://www.inaturalist.org/observations/35517529,https://inaturalist-open-data.s3.amazonaws.com/photos/56012296/medium.jpeg,,,,1,0,FALSE,,"Norfolk Island (Mt Pitt), NF",-29.01228056,167.9537898,31,,,,31,,,FALSE,,,,Norfolk Island,Three Kings Cabbage Tree,Cordyline obtecta,Three Kings Cabbage Tree,Plantae,410123
35517599,2018/04/21 7:07 AM AEST,21/04/2018,2018-04-20 21:07:00 UTC,Brisbane,2384650,bmac111,2019-11-10 04:51:13 UTC,2020-05-27 07:24:57 UTC,research,CC-BY-NC,https://www.inaturalist.org/observations/35517599,https://inaturalist-open-data.s3.amazonaws.com/photos/56012507/medium.jpeg,,,,1,0,FALSE,,"Norfolk Island (Mt Pitt), NF",-29.00729168,167.9502241,31,,,,31,,open,FALSE,,,,Norfolk Island,sea hibiscus,Hibiscus tiliaceus,sea hibiscus,Plantae,62868
35517866,2018/04/21 6:37 AM AEST,21/04/2018,2018-04-20 20:37:00 UTC,Brisbane,2384650,bmac111,2019-11-10 05:07:07 UTC,2019-11-10 05:07:07 UTC,needs_id,CC-BY-NC,https://www.inaturalist.org/observations/35517866,https://inaturalist-open-data.s3.amazonaws.com/photos/56013122/medium.jpeg,,,,0,0,FALSE,,Norfolk Island,-29.0129979,167.9546771,31,,,,31,,,FALSE,,,,Norfolk Island,Prickly Rasp Fern,Doodia aspera,Prickly Rasp fern,Plantae,353835
35518379,2018/04/23 8:13 AM AEST,23/04/2018,2018-04-22 22:13:00 UTC,Brisbane,2384650,bmac111,2019-11-10 05:31:37 UTC,2020-05-27 07:19:05 UTC,research,CC-BY-NC,https://www.inaturalist.org/observations/35518379,https://inaturalist-open-data.s3.amazonaws.com/photos/56013952/medium.jpeg,,,,1,0,FALSE,,"Norfolk Island (Mt Pitt), NF",-29.01546859,167.9368593,8,,,,8,,,FALSE,,,,Norfolk Island,Alyxia gynopogon,Alyxia gynopogon,,Plantae,430638
59847296,2018/03/03 3:46 PM PST,3/03/2018,2018-03-03 23:46:00 UTC,Pacific Time (US & Canada),733691,lukehalpin,2020-09-17 03:28:17 UTC,2022-01-16 14:06:46 UTC,research,CC-BY-NC,https://www.inaturalist.org/observations/59847296,https://inaturalist-open-data.s3.amazonaws.com/photos/95658142/medium.jpeg,,,"Growing wild in natural range and habitat, not cultivated. ",1,0,FALSE,,"Norfolk Island (Phillip Island), Norfolk Island",-29.12200278,167.9503778,10,,,,10,,,FALSE,,,,Norfolk Island,Hibiscus insularis,Hibiscus insularis,,Plantae,570341
59847665,2020/01/11 7:06 PM PST,11/01/2020,2020-01-12 03:06:00 UTC,Pacific Time (US & Canada),733691,lukehalpin,2020-09-17 03:33:58 UTC,2020-09-17 03:33:58 UTC,needs_id,CC-BY-NC,https://www.inaturalist.org/observations/59847665,https://inaturalist-open-data.s3.amazonaws.com/photos/95658870/medium.jpeg,,,,0,0,FALSE,,"Norfolk Island (Phillip Island), Norfolk Island",-29.12430556,167.9512472,5,,,,5,,,FALSE,,,,Norfolk Island,Norfolk Island Hibiscus,Lagunaria patersonia,Norfolk Island hibiscus,Plantae,77622
63992040,Fri May 17 2019 16:43:18 GMT+1000 (GMT+10),17/05/2019,2019-05-17 06:43:18 UTC,Brisbane,405758,pteridium,2020-11-01 21:20:09 UTC,2020-11-01 21:20:22 UTC,needs_id,,https://www.inaturalist.org/observations/63992040,https://static.inaturalist.org/photos/102797600/medium.jpg,,,,0,0,FALSE,3,"Red Road Track, Norfolk Island, NF",-29.01359167,167.94992,,,,,,,,FALSE,,,,Norfolk Island,,Meryta latifolia,,Plantae,961840
67826281,Sat Jan 09 2021 13:38:00 GMT+1200 (GMT+12),9/01/2021,2021-01-09 00:38:00 UTC,Auckland,733691,lukehalpin,2021-01-10 00:56:34 UTC,2022-03-04 09:35:15 UTC,research,CC-BY-NC,https://www.inaturalist.org/observations/67826281,https://inaturalist-open-data.s3.amazonaws.com/photos/109685046/medium.jpg,,,,1,0,FALSE,3,"Norfolk Island, Norfolk Island, NF",-29.01475278,167.9375617,19,,,,19,,,FALSE,,,,Norfolk Island,Minute Orchid,Taeniophyllum norfolkianum,Minute Orchid,Plantae,1185363
67826469,Sat Jan 09 2021 13:51:33 GMT+1200 (GMT+12),9/01/2021,2021-01-09 00:51:33 UTC,Auckland,733691,lukehalpin,2021-01-10 01:00:19 UTC,2021-08-22 06:23:37 UTC,research,CC-BY-NC,https://www.inaturalist.org/observations/67826469,https://inaturalist-open-data.s3.amazonaws.com/photos/109685454/medium.jpg,,,,1,0,FALSE,3,"Norfolk Island, Norfolk Island, NF",-29.01351388,167.9390417,3,,,,3,,open,FALSE,,,,Norfolk Island,異葉南洋杉,Araucaria heterophylla,Norfolk Island Pine,Plantae,127890
67826512,Sat Jan 09 2021 13:55:13 GMT+1200 (GMT+12),9/01/2021,2021-01-09 00:55:13 UTC,Auckland,733691,lukehalpin,2021-01-10 01:01:36 UTC,2021-01-10 01:02:46 UTC,needs_id,CC-BY-NC,https://www.inaturalist.org/observations/67826512,https://inaturalist-open-data.s3.amazonaws.com/photos/109685491/medium.jpg,,,,0,0,FALSE,3,"Norfolk Island, Norfolk Island, NF",-29.01268888,167.93927,4,,,,4,,,FALSE,,,,Norfolk Island,,Korthalsella disticha,,Plantae,1065794
67826759,Sat Jan 09 2021 13:52:46 GMT+1200 (GMT+12),9/01/2021,2021-01-09 00:52:46 UTC,Auckland,733691,lukehalpin,2021-01-10 01:05:20 UTC,2021-09-13 23:41:30 UTC,research,CC-BY-NC,https://www.inaturalist.org/observations/67826759,https://inaturalist-open-data.s3.amazonaws.com/photos/109685828/medium.jpg,,,"Subsp. patersonia
",1,0,FALSE,3,"Norfolk Island, Norfolk Island, NF",-29.01300555,167.9390867,7,,,,7,,,FALSE,,,,Norfolk Island,Norfolk Island hibiscus,Lagunaria patersonia,Norfolk Island hibiscus,Plantae,77622
67826839,Sat Jan 09 2021 13:45:09 GMT+1200 (GMT+12),9/01/2021,2021-01-09 00:45:09 UTC,Auckland,733691,lukehalpin,2021-01-10 01:06:04 UTC,2021-08-17 13:30:38 UTC,research,CC-BY-NC,https://www.inaturalist.org/observations/67826839,https://inaturalist-open-data.s3.amazonaws.com/photos/109685908/medium.jpg,,,,1,0,FALSE,3,"Norfolk Island, Norfolk Island, NF",-29.01493888,167.9375917,10,,,,10,,,FALSE,,,,Norfolk Island,毛葉鐵線蕨,Adiantum hispidulum,Rough Maidenhair Fern,Plantae,158020
67826960,Sat Jan 09 2021 13:36:33 GMT+1200 (GMT+12),9/01/2021,2021-01-09 00:36:33 UTC,Auckland,733691,lukehalpin,2021-01-10 01:08:49 UTC,2021-01-10 01:09:45 UTC,needs_id,CC-BY-NC,https://www.inaturalist.org/observations/67826960,https://inaturalist-open-data.s3.amazonaws.com/photos/109686173/medium.jpg,,,,0,0,FALSE,3,"Norfolk Island, Norfolk Island, NF",-29.01478888,167.93753,43,,,,43,,,FALSE,,,,Norfolk Island,,Pyrrosia confluens,,Plantae,489272
67827005,Sat Jan 09 2021 13:47:05 GMT+1200 (GMT+12),9/01/2021,2021-01-09 00:47:05 UTC,Auckland,733691,lukehalpin,2021-01-10 01:10:00 UTC,2021-01-10 01:11:19 UTC,needs_id,CC-BY-NC,https://www.inaturalist.org/observations/67827005,https://inaturalist-open-data.s3.amazonaws.com/photos/109686312/medium.jpg,,,,0,0,FALSE,3,"Norfolk Island, Norfolk Island, NF",-29.01454445,167.9379883,3,,,,3,,,FALSE,,,,Norfolk Island,,Exocarpos phyllanthoides,,Plantae,1046747
67827218,Sat Jan 09 2021 13:51:08 GMT+1200 (GMT+12),9/01/2021,2021-01-09 00:51:08 UTC,Auckland,733691,lukehalpin,2021-01-10 01:14:24 UTC,2021-01-10 01:15:50 UTC,needs_id,CC-BY-NC,https://www.inaturalist.org/observations/67827218,https://inaturalist-open-data.s3.amazonaws.com/photos/109686642/medium.jpg,,,,0,0,FALSE,3,"Norfolk Island, Norfolk Island, NF",-29.01359445,167.939195,3,,,,3,,,FALSE,,,,Norfolk Island,,Melodinus baueri,,Plantae,890341
67827408,Sat Jan 09 2021 12:37:01 GMT+1200 (GMT+12),9/01/2021,2021-01-08 23:37:01 UTC,Auckland,733691,lukehalpin,2021-01-10 01:18:00 UTC,2021-01-10 01:39:16 UTC,needs_id,CC-BY-NC,https://www.inaturalist.org/observations/67827408,https://inaturalist-open-data.s3.amazonaws.com/photos/109687039/medium.jpg,,,,0,0,FALSE,3,"Norfolk Island, Norfolk Island, NF",-29.01473333,167.937575,20,,,,20,,,FALSE,,,,Norfolk Island,,Piper excelsum psittacorum,,Plantae,466010
67827718,Sat Jan 09 2021 13:56:05 GMT+1200 (GMT+12),9/01/2021,2021-01-09 00:56:05 UTC,Auckland,733691,lukehalpin,2021-01-10 01:20:01 UTC,2021-11-16 09:07:44 UTC,needs_id,CC-BY-NC,https://www.inaturalist.org/observations/67827718,https://inaturalist-open-data.s3.amazonaws.com/photos/109687301/medium.jpg,,,,0,0,FALSE,3,"Norfolk Island, Norfolk Island, NF",-29.0125,167.9392867,5,,,,5,,,FALSE,,,,Norfolk Island,,Pennantia endlicheri,,Plantae,525027
67827912,Sat Jan 09 2021 13:45:19 GMT+1200 (GMT+12),9/01/2021,2021-01-09 00:45:19 UTC,Auckland,733691,lukehalpin,2021-01-10 01:22:39 UTC,2021-01-10 01:23:52 UTC,needs_id,CC-BY-NC,https://www.inaturalist.org/observations/67827912,https://inaturalist-open-data.s3.amazonaws.com/photos/109687625/medium.jpg,,,,0,0,FALSE,3,"Norfolk Island, Norfolk Island, NF",-29.01491388,167.9375917,5,,,,5,,,FALSE,,,,Norfolk Island,,Asplenium dimorphum,,Plantae,430696
67828181,Sat Jan 09 2021 13:50:03 GMT+1200 (GMT+12),9/01/2021,2021-01-09 00:50:03 UTC,Auckland,733691,lukehalpin,2021-01-10 01:25:52 UTC,2021-01-10 01:28:44 UTC,needs_id,CC-BY-NC,https://www.inaturalist.org/observations/67828181,https://inaturalist-open-data.s3.amazonaws.com/photos/109687951/medium.jpg,,,,0,0,FALSE,3,"Norfolk Island, Norfolk Island, NF",-29.01365555,167.939025,3,,,,3,,,FALSE,,,,Norfolk Island,,Phormium tenax,New Zealand flax,Plantae,51754
67828325,Sat Jan 09 2021 13:47:54 GMT+1200 (GMT+12),9/01/2021,2021-01-09 00:47:54 UTC,Auckland,733691,lukehalpin,2021-01-10 01:28:46 UTC,2021-01-10 01:30:18 UTC,needs_id,CC-BY-NC,https://www.inaturalist.org/observations/67828325,https://inaturalist-open-data.s3.amazonaws.com/photos/109688222/medium.jpg,,,,0,0,FALSE,3,"Norfolk Island, Norfolk Island, NF",-29.0146,167.937775,61,,,,61,,,FALSE,,,,Norfolk Island,,Cordyline obtecta,Three Kings Cabbage Tree,Plantae,410123
67828498,Sat Jan 09 2021 13:29:13 GMT+1200 (GMT+12),9/01/2021,2021-01-09 00:29:13 UTC,Auckland,733691,lukehalpin,2021-01-10 01:33:10 UTC,2021-01-10 01:34:16 UTC,needs_id,CC-BY-NC,https://www.inaturalist.org/observations/67828498,https://inaturalist-open-data.s3.amazonaws.com/photos/109688574/medium.jpg,,,,0,0,FALSE,3,"Norfolk Island, Norfolk Island, NF",-29.01559167,167.936845,3,,,,3,,,FALSE,,,,Norfolk Island,,Meryta latifolia,,Plantae,961840
67828566,Wed Jan 06 2021 17:23:26 GMT+1200 (GMT+12),6/01/2021,2021-01-06 04:23:26 UTC,Auckland,733691,lukehalpin,2021-01-10 01:34:18 UTC,2021-01-10 01:35:20 UTC,needs_id,CC-BY-NC,https://www.inaturalist.org/observations/67828566,https://inaturalist-open-data.s3.amazonaws.com/photos/109688706/medium.jpg,,,,0,0,FALSE,3,"Norfolk Island, Norfolk Island, NF",-29.03801117,167.9568333,22,,,,22,,,FALSE,,,,Norfolk Island,,Rhopalostylis baueri,Kermadec Island Nikau,Plantae,366007
67828646,Sat Jan 09 2021 14:04:58 GMT+1200 (GMT+12),9/01/2021,2021-01-09 01:04:58 UTC,Auckland,733691,lukehalpin,2021-01-10 01:35:21 UTC,2021-09-24 11:48:24 UTC,research,CC-BY-NC,https://www.inaturalist.org/observations/67828646,https://inaturalist-open-data.s3.amazonaws.com/photos/109688898/medium.jpg,,,,1,0,FALSE,3,"Norfolk Island, Norfolk Island, NF",-29.01500833,167.937455,11,,,,11,,,FALSE,,,,Norfolk Island,Norfolk tree fern,Sphaeropteris excelsa,Norfolk tree fern,Plantae,1105429
67829108,Sat Jan 09 2021 13:34:12 GMT+1200 (GMT+12),9/01/2021,2021-01-09 00:34:12 UTC,Auckland,733691,lukehalpin,2021-01-10 01:42:25 UTC,2021-05-28 17:02:36 UTC,research,CC-BY-NC,https://www.inaturalist.org/observations/67829108,https://inaturalist-open-data.s3.amazonaws.com/photos/109689665/medium.jpg,,,,1,0,FALSE,3,"Norfolk Island, Norfolk Island, NF",-29.01486112,167.937545,4,,,,4,,,FALSE,,,,Norfolk Island,scurvy weed,Commelina cyanea,scurvy weed,Plantae,52930
67829393,Sat Jan 09 2021 13:32:57 GMT+1200 (GMT+12),9/01/2021,2021-01-09 00:32:57 UTC,Auckland,733691,lukehalpin,2021-01-10 01:47:11 UTC,2022-03-01 02:32:57 UTC,research,CC-BY-NC,https://www.inaturalist.org/observations/67829393,https://inaturalist-open-data.s3.amazonaws.com/photos/109690164/medium.jpg,,,,1,0,FALSE,3,,-29.15573025,167.8951704,4,,,,29533,,obscured,TRUE,,,,Norfolk Island,Freycinetia baueriana,Freycinetia baueriana,,Plantae,140272
67928839,Tue Jan 12 2021 11:10:12 GMT+1200 (GMT+12),12/01/2021,2021-01-11 22:10:12 UTC,Auckland,733691,lukehalpin,2021-01-11 23:12:42 UTC,2022-02-23 10:11:24 UTC,needs_id,CC-BY-NC,https://www.inaturalist.org/observations/67928839,https://inaturalist-open-data.s3.amazonaws.com/photos/109877363/medium.jpg,,,,1,0,FALSE,3,"Norfolk Island, Norfolk Island, NF",-29.0259445,167.9409467,8,,,,8,,,FALSE,,,,Norfolk Island,Zehneria baueriana,Zehneria baueriana,,Plantae,1361286
67928973,Sun Jan 10 2021 15:36:18 GMT+1200 (GMT+12),10/01/2021,2021-01-10 02:36:18 UTC,Auckland,733691,lukehalpin,2021-01-11 23:15:02 UTC,2021-01-11 23:16:30 UTC,needs_id,CC-BY-NC,https://www.inaturalist.org/observations/67928973,https://inaturalist-open-data.s3.amazonaws.com/photos/109877464/medium.jpg,,,,0,0,FALSE,3,"Norfolk Island, Norfolk Island, NF",-29.02614717,167.9402917,10,,,,10,,,FALSE,,,,Norfolk Island,,Celtis paniculata,Investigator-tree,Plantae,370005
67929022,Sun Jan 10 2021 15:35:51 GMT+1200 (GMT+12),10/01/2021,2021-01-10 02:35:51 UTC,Auckland,733691,lukehalpin,2021-01-11 23:16:39 UTC,2021-01-11 23:18:37 UTC,needs_id,CC-BY-NC,https://www.inaturalist.org/observations/67929022,https://inaturalist-open-data.s3.amazonaws.com/photos/109877582/medium.jpg,,,,0,0,FALSE,3,"Norfolk Island, Norfolk Island, NF",-29.026025,167.9403833,6,,,,6,,,FALSE,,,,Norfolk Island,,Dysoxylum bijugum,,Plantae,966351
67929080,Sun Jan 10 2021 15:34:27 GMT+1200 (GMT+12),10/01/2021,2021-01-10 02:34:27 UTC,Auckland,733691,lukehalpin,2021-01-11 23:18:39 UTC,2022-02-19 08:34:26 UTC,needs_id,CC-BY-NC,https://www.inaturalist.org/observations/67929080,https://inaturalist-open-data.s3.amazonaws.com/photos/109877759/medium.jpg,,,,0,0,FALSE,3,,-29.13183535,167.9057661,165,,,,29533,,obscured,TRUE,,,,Norfolk Island,,Austrocallerya australis,,Plantae,1144119
67929126,Sun Jan 10 2021 15:33:48 GMT+1200 (GMT+12),10/01/2021,2021-01-10 02:33:48 UTC,Auckland,733691,lukehalpin,2021-01-11 23:20:00 UTC,2021-01-11 23:20:48 UTC,needs_id,CC-BY-NC,https://www.inaturalist.org/observations/67929126,https://inaturalist-open-data.s3.amazonaws.com/photos/109877843/medium.jpg,,,,0,0,FALSE,3,"Norfolk Island, Norfolk Island, NF",-29.0263805,167.94023,27,,,,27,,,FALSE,,,,Norfolk Island,,Meryta angustifolia,,Plantae,963442
67929168,Sun Jan 10 2021 15:33:04 GMT+1200 (GMT+12),10/01/2021,2021-01-10 02:33:04 UTC,Auckland,733691,lukehalpin,2021-01-11 23:20:50 UTC,2021-01-11 23:21:40 UTC,needs_id,CC-BY-NC,https://www.inaturalist.org/observations/67929168,https://inaturalist-open-data.s3.amazonaws.com/photos/109877924/medium.jpg,,,,0,0,FALSE,3,"Norfolk Island, Norfolk Island, NF",-29.02636117,167.9403217,14,,,,14,,,FALSE,,,,Norfolk Island,,Dodonaea viscosa viscosa,Sticky Dodonea,Plantae,412387
67929192,Sun Jan 10 2021 15:32:07 GMT+1200 (GMT+12),10/01/2021,2021-01-10 02:32:07 UTC,Auckland,733691,lukehalpin,2021-01-11 23:21:42 UTC,2021-01-11 23:22:43 UTC,needs_id,CC-BY-NC,https://www.inaturalist.org/observations/67929192,https://inaturalist-open-data.s3.amazonaws.com/photos/109878004/medium.jpg,,,,0,0,FALSE,3,"Norfolk Island, Norfolk Island, NF",-29.02609717,167.9404133,17,,,,17,,,FALSE,,,,Norfolk Island,,Boehmeria australis australis,,Plantae,412019
67929243,Sun Jan 10 2021 15:31:37 GMT+1200 (GMT+12),10/01/2021,2021-01-10 02:31:37 UTC,Auckland,733691,lukehalpin,2021-01-11 23:22:45 UTC,2021-01-11 23:24:40 UTC,needs_id,CC-BY-NC,https://www.inaturalist.org/observations/67929243,https://inaturalist-open-data.s3.amazonaws.com/photos/109878066/medium.jpg,,,,0,0,FALSE,3,"Norfolk Island, Norfolk Island, NF",-29.02624717,167.9406883,18,,,,18,,,FALSE,,,,Norfolk Island,,Euphorbia norfolkiana,,Plantae,961842
67929361,Sun Jan 10 2021 15:30:09 GMT+1200 (GMT+12),10/01/2021,2021-01-10 02:30:09 UTC,Auckland,733691,lukehalpin,2021-01-11 23:25:13 UTC,2021-01-13 23:48:36 UTC,needs_id,CC-BY-NC,https://www.inaturalist.org/observations/67929361,https://inaturalist-open-data.s3.amazonaws.com/photos/110056267/medium.jpg,,,,0,0,FALSE,3,"Norfolk Island, Norfolk Island, NF",-29.02608617,167.9405367,84,,,,84,,,FALSE,,,,Norfolk Island,,Alyxia gynopogon,,Plantae,430638
67929526,Sun Jan 10 2021 15:29:21 GMT+1200 (GMT+12),10/01/2021,2021-01-10 02:29:21 UTC,Auckland,733691,lukehalpin,2021-01-11 23:28:34 UTC,2021-01-11 23:29:14 UTC,needs_id,CC-BY-NC,https://www.inaturalist.org/observations/67929526,https://inaturalist-open-data.s3.amazonaws.com/photos/109878603/medium.jpg,,,,0,0,FALSE,3,"Norfolk Island, Norfolk Island, NF",-29.0260305,167.9405833,20,,,,20,,,FALSE,,,,Norfolk Island,,Cordyline obtecta,Three Kings Cabbage Tree,Plantae,410123
67929542,Sun Jan 10 2021 15:28:50 GMT+1200 (GMT+12),10/01/2021,2021-01-10 02:28:50 UTC,Auckland,733691,lukehalpin,2021-01-11 23:29:16 UTC,2021-01-13 23:49:27 UTC,needs_id,CC-BY-NC,https://www.inaturalist.org/observations/67929542,https://inaturalist-open-data.s3.amazonaws.com/photos/110056343/medium.jpg,,,,0,0,FALSE,3,"Norfolk Island, Norfolk Island, NF",-29.02618333,167.9403533,8,,,,8,,,FALSE,,,,Norfolk Island,,Nestegis apetala,Coastal Maire,Plantae,404181
68026883,Sun Jan 10 2021 15:27:53 GMT+1200 (GMT+12),10/01/2021,2021-01-10 02:27:53 UTC,Auckland,733691,lukehalpin,2021-01-13 23:50:04 UTC,2021-01-13 23:50:45 UTC,needs_id,CC-BY-NC,https://www.inaturalist.org/observations/68026883,https://inaturalist-open-data.s3.amazonaws.com/photos/110056458/medium.jpg,,,,0,0,FALSE,3,"Norfolk Island, Norfolk Island, NF",-29.0262555,167.94037,11,,,,11,,,FALSE,,,,Norfolk Island,,Myoporum obscurum,,Plantae,952787
68026903,Sun Jan 10 2021 15:26:36 GMT+1200 (GMT+12),10/01/2021,2021-01-10 02:26:36 UTC,Auckland,733691,lukehalpin,2021-01-13 23:50:47 UTC,2021-01-13 23:52:01 UTC,needs_id,CC-BY-NC,https://www.inaturalist.org/observations/68026903,https://inaturalist-open-data.s3.amazonaws.com/photos/110056507/medium.jpg,,,,0,0,FALSE,3,"Norfolk Island, Norfolk Island, NF",-29.02642217,167.940155,36,,,,36,,,FALSE,,,,Norfolk Island,,Abutilon julianae,,Plantae,963576
68026942,Sun Jan 10 2021 15:26:01 GMT+1200 (GMT+12),10/01/2021,2021-01-10 02:26:01 UTC,Auckland,733691,lukehalpin,2021-01-13 23:52:03 UTC,2021-01-13 23:52:41 UTC,needs_id,CC-BY-NC,https://www.inaturalist.org/observations/68026942,https://inaturalist-open-data.s3.amazonaws.com/photos/110056599/medium.jpg,,,,0,0,FALSE,3,"Norfolk Island, Norfolk Island, NF",-29.0265305,167.9403533,6,,,,6,,open,FALSE,,,,Norfolk Island,Hibiscus norf,Hibiscus tiliaceus,sea hibiscus,Plantae,62868
68245988,Mon Jan 18 2021 12:01:01 GMT+1200 (GMT+12),18/01/2021,2021-01-17 23:01:01 UTC,Auckland,733691,lukehalpin,2021-01-18 00:42:27 UTC,2022-01-16 14:07:06 UTC,research,CC-BY-NC,https://www.inaturalist.org/observations/68245988,https://inaturalist-open-data.s3.amazonaws.com/photos/110453984/medium.jpg,,,,1,0,FALSE,3,"Phillip Island walk, Norfolk Island, NF",-29.12204717,167.950455,4,,,,4,,,FALSE,,,,Norfolk Island,Hibiscus insularis,Hibiscus insularis,,Plantae,570341
68246324,Sun Jan 17 2021 09:58:02 GMT+1200 (GMT+12),17/01/2021,2021-01-16 20:58:02 UTC,Auckland,733691,lukehalpin,2021-01-18 00:49:18 UTC,2021-01-18 00:50:21 UTC,needs_id,CC-BY-NC,https://www.inaturalist.org/observations/68246324,https://inaturalist-open-data.s3.amazonaws.com/photos/110454751/medium.jpg,,,,0,0,FALSE,3,"Philip Island, Norfolk Island, NF",-29.1168,167.95067,3,,,,3,,,FALSE,,,,Norfolk Island,,Cyperus lucidus,Common Leaf-rush,Plantae,370174
68246389,Sun Jan 17 2021 09:02:17 GMT+1200 (GMT+12),17/01/2021,2021-01-16 20:02:17 UTC,Auckland,733691,lukehalpin,2021-01-18 00:50:26 UTC,2021-01-18 00:51:33 UTC,needs_id,CC-BY-NC,https://www.inaturalist.org/observations/68246389,https://inaturalist-open-data.s3.amazonaws.com/photos/110454932/medium.jpg,,,,0,0,FALSE,3,"Philip Island, Norfolk Island, NF",-29.11543333,167.948775,5,,,,5,,,FALSE,,,,Norfolk Island,,Canavalia rosea,Beach Bean,Plantae,131242
68254921,Sat Jan 16 2021 13:03:11 GMT+1200 (GMT+12),16/01/2021,2021-01-16 00:03:11 UTC,Auckland,733691,lukehalpin,2021-01-18 03:54:34 UTC,2021-01-18 03:55:06 UTC,needs_id,CC-BY-NC,https://www.inaturalist.org/observations/68254921,https://inaturalist-open-data.s3.amazonaws.com/photos/110471585/medium.jpg,,,,0,0,FALSE,3,"Norfolk Island, NF",-29.1244055,167.9514467,9,,,,9,,,FALSE,,,,Norfolk Island,,Achyranthes aspera,Devil's Horsewhip,Plantae,157960
68254985,Thu Jan 14 2021 19:26:50 GMT+1200 (GMT+12),14/01/2021,2021-01-14 06:26:50 UTC,Auckland,733691,lukehalpin,2021-01-18 03:57:00 UTC,2022-03-04 09:34:22 UTC,research,CC-BY-NC,https://www.inaturalist.org/observations/68254985,https://inaturalist-open-data.s3.amazonaws.com/photos/110471743/medium.jpg,,zehneria,"Zehneria bauerana (native cucumber, endemic to Norfolk Islands Group).",1,0,FALSE,3,"Phillip Island walk, Norfolk Island, NF",-29.1221305,167.9503167,4,,,,4,,,FALSE,,,,Norfolk Island,Zehneria baueriana,Zehneria baueriana,,Plantae,1361286
68319810,Tue Jan 19 2021 10:59:39 GMT+1200 (GMT+12),19/01/2021,2021-01-18 21:59:39 UTC,Auckland,733691,lukehalpin,2021-01-19 08:52:22 UTC,2021-08-19 13:37:46 UTC,research,CC-BY-NC,https://www.inaturalist.org/observations/68319810,https://inaturalist-open-data.s3.amazonaws.com/photos/110594260/medium.jpg,,,,1,0,FALSE,3,"Philip Island, Norfolk Island, NF",-29.11789525,167.9549262,22,,,,22,,open,FALSE,,,,Norfolk Island,黃槿,Hibiscus tiliaceus,sea hibiscus,Plantae,62868
68319868,Mon Jan 18 2021 11:51:43 GMT+1200 (GMT+12),18/01/2021,2021-01-17 22:51:43 UTC,Auckland,733691,lukehalpin,2021-01-19 08:56:02 UTC,2021-01-30 21:42:05 UTC,research,CC-BY-NC,https://www.inaturalist.org/observations/68319868,https://inaturalist-open-data.s3.amazonaws.com/photos/110594352/medium.jpg,,,,1,0,FALSE,3,"Phillip Island walk, Norfolk Island, NF",-29.12366117,167.9506083,6,,,,6,,,FALSE,,,,Norfolk Island,Beach Morning Glory,Ipomoea pes-caprae,Beach Morning Glory,Plantae,60879
68356361,Wed Jan 20 2021 10:02:19 GMT+1200 (GMT+12),20/01/2021,2021-01-19 21:02:19 UTC,Auckland,733691,lukehalpin,2021-01-20 04:59:20 UTC,2021-05-13 16:51:51 UTC,needs_id,CC-BY-NC,https://www.inaturalist.org/observations/68356361,https://inaturalist-open-data.s3.amazonaws.com/photos/110661362/medium.jpg,,,"Endemic to Phillip Island (Norfolk Islands Group)
",0,0,FALSE,3,"Phillip Island walk, Norfolk Island, NF",-29.12376667,167.9504083,19,,,,19,,open,FALSE,,,,Norfolk Island,Achyranthes margaretarum,Achyranthes margaretarum,,Plantae,1182117
68469465,Sat Jan 23 2021 12:25:11 GMT+1200 (GMT+12),23/01/2021,2021-01-22 23:25:11 UTC,Auckland,733691,lukehalpin,2021-01-23 00:46:34 UTC,2022-01-16 14:07:50 UTC,research,CC-BY-NC,https://www.inaturalist.org/observations/68469465,https://inaturalist-open-data.s3.amazonaws.com/photos/110873591/medium.jpg,,,,1,0,FALSE,3,"Philip Island, Norfolk Island, NF",-29.12047077,167.9511324,80,,,,80,,,FALSE,,,,Norfolk Island,Hibiscus insularis,Hibiscus insularis,,Plantae,570341
68823617,Sun Jan 31 2021 09:23:06 GMT+1200 (GMT+12),31/01/2021,2021-01-30 20:23:06 UTC,Auckland,733691,lukehalpin,2021-01-30 21:24:02 UTC,2021-02-17 14:40:16 UTC,research,CC-BY-NC,https://www.inaturalist.org/observations/68823617,https://inaturalist-open-data.s3.amazonaws.com/photos/111536634/medium.jpg,,,,1,0,FALSE,3,"Norfolk Island, Norfolk Island, NF",-29.01055,167.9243917,4,,,,4,,open,FALSE,,,,Norfolk Island,黃槿,Hibiscus tiliaceus,sea hibiscus,Plantae,62868
75297237,2021/04/07 9:27 AM AEST,7/04/2021,2021-04-06 23:27:00 UTC,Sydney,1446495,jenssommer01,2021-04-26 10:35:39 UTC,2021-08-22 06:24:46 UTC,research,CC-BY-NC,https://www.inaturalist.org/observations/75297237,https://inaturalist-open-data.s3.amazonaws.com/photos/123168032/medium.jpg,,,,1,0,FALSE,,"Norfolk Island (Mt Pitt), NF",-29.00334797,167.9428332,207,,,,207,,open,FALSE,,,,Norfolk Island,異葉南洋杉,Araucaria heterophylla,Norfolk Island Pine,Plantae,127890
75298210,2021/04/10 9:26 AM AEST,10/04/2021,2021-04-09 23:26:00 UTC,Sydney,1446495,jenssommer01,2021-04-26 10:53:16 UTC,2021-04-26 10:56:57 UTC,research,CC-BY-NC,https://www.inaturalist.org/observations/75298210,https://inaturalist-open-data.s3.amazonaws.com/photos/123168596/medium.jpg,,,,1,0,FALSE,,"Kingston, Norfolk Island",-29.05504023,167.9524723,537,,,,537,,open,FALSE,,,,Norfolk Island,Norfolk Island Pine,Araucaria heterophylla,Norfolk Island Pine,Plantae,127890
80336606,2017/02/19 3:23 AM AEST,19/02/2017,2017-02-18 17:23:00 UTC,Brisbane,3637508,rsmalley,2021-05-26 07:40:46 UTC,2021-09-24 21:52:13 UTC,research,CC-BY-NC,https://www.inaturalist.org/observations/80336606,https://inaturalist-open-data.s3.amazonaws.com/photos/131662644/medium.jpeg,,,,2,0,FALSE,,Norfolk Island,-29.00820181,167.9192398,165,,,,165,,open,FALSE,,,,Norfolk Island,異葉南洋杉,Araucaria heterophylla,Norfolk Island Pine,Plantae,127890
80336607,2017/02/19 3:27 AM AEST,19/02/2017,2017-02-18 17:27:00 UTC,Brisbane,3637508,rsmalley,2021-05-26 07:40:46 UTC,2021-09-24 21:52:54 UTC,research,CC-BY-NC,https://www.inaturalist.org/observations/80336607,https://inaturalist-open-data.s3.amazonaws.com/photos/131663149/medium.jpeg,,,,1,0,FALSE,,Norfolk Island,-29.01138883,167.9231021,70,,,,70,,open,FALSE,,,,Norfolk Island,Norfolk Island Pine,Araucaria heterophylla,Norfolk Island Pine,Plantae,127890
84168988,2017/02/19 10:05 PM AEST,19/02/2017,2017-02-19 12:05:00 UTC,Brisbane,3637508,rsmalley,2021-06-23 12:44:37 UTC,2021-06-23 17:23:59 UTC,research,CC-BY-NC,https://www.inaturalist.org/observations/84168988,https://inaturalist-open-data.s3.amazonaws.com/photos/138306343/medium.jpg,,,,1,0,FALSE,,"Burnt Pine 2899, Norfolk Island",-29.02658858,167.9391464,69,,,,69,,,FALSE,,,,Norfolk Island,Rhopalostylis baueri,Rhopalostylis baueri,Kermadec Island Nikau,Plantae,366007
84168990,2017/02/22 2:10 AM AEST,22/02/2017,2017-02-21 16:10:00 UTC,Brisbane,3637508,rsmalley,2021-06-23 12:44:37 UTC,2021-06-23 12:44:38 UTC,needs_id,CC-BY-NC,https://www.inaturalist.org/observations/84168990,https://inaturalist-open-data.s3.amazonaws.com/photos/138307869/medium.jpg,,,https://parksaustralia.gov.au/norfolk/pub/plant-brochure.pdf,0,0,FALSE,,"Norfolk Island (Mt Pitt), NF",-29.015606,167.9368164,10,,,,10,,,FALSE,,,,Norfolk Island,Three Kings Cabbage Tree,Cordyline obtecta,Three Kings Cabbage Tree,Plantae,410123
84168996,2017/02/23 3:59 PM AEST,23/02/2017,2017-02-23 05:59:00 UTC,Brisbane,3637508,rsmalley,2021-06-23 12:44:39 UTC,2022-02-23 09:13:51 UTC,needs_id,CC-BY-NC,https://www.inaturalist.org/observations/84168996,https://inaturalist-open-data.s3.amazonaws.com/photos/138310728/medium.jpg,,,,1,0,FALSE,,Norfolk Island,-29.05649922,167.9423985,74,,,,74,,open,FALSE,,,,Norfolk Island,eastern bullrush,Typha orientalis,broad-leaved cumbungi,Plantae,341639
84168997,2017/02/24 9:34 AM AEST,24/02/2017,2017-02-23 23:34:00 UTC,Brisbane,3637508,rsmalley,2021-06-23 12:44:40 UTC,2021-06-30 07:00:57 UTC,research,CC-BY-NC,https://www.inaturalist.org/observations/84168997,https://inaturalist-open-data.s3.amazonaws.com/photos/138310846/medium.jpg,,,,1,0,FALSE,,"Kingston, Norfolk Island",-29.05573795,167.9618368,29,,,,29,,,FALSE,,,,Norfolk Island,Soft Fern,Christella dentata,Soft Fern,Plantae,369851
84168998,2017/02/24 9:34 AM AEST,24/02/2017,2017-02-23 23:34:00 UTC,Brisbane,3637508,rsmalley,2021-06-23 12:44:40 UTC,2021-06-30 07:00:08 UTC,research,CC-BY-NC,https://www.inaturalist.org/observations/84168998,https://inaturalist-open-data.s3.amazonaws.com/photos/138311181/medium.jpg,,,,1,0,FALSE,,"Kingston, Norfolk Island",-29.05576432,167.9619918,54,,,,54,,,FALSE,,,,Norfolk Island,Rough Maidenhair Fern,Adiantum hispidulum,Rough Maidenhair Fern,Plantae,158020
86658136,Mon Jul 12 2021 12:07:33 GMT+1100 (GMT+11),12/07/2021,2021-07-12 01:07:33 UTC,Magadan,733691,lukehalpin,2021-07-12 01:08:45 UTC,2021-07-12 01:21:32 UTC,needs_id,CC-BY-NC,https://www.inaturalist.org/observations/86658136,https://inaturalist-open-data.s3.amazonaws.com/photos/142799043/medium.jpg,,,,0,0,FALSE,3,"Douglas Drive, Norfolk Island, NF",-29.03509717,167.9296283,10530,,,,10530,,,FALSE,,,,Norfolk Island,,Asplenium australasicum,Bird's nest fern,Plantae,83561
86659570,Mon Jul 12 2021 12:09:32 GMT+1100 (GMT+11),12/07/2021,2021-07-12 01:09:32 UTC,Magadan,733691,lukehalpin,2021-07-12 01:21:49 UTC,2021-07-12 01:22:09 UTC,needs_id,CC-BY-NC,https://www.inaturalist.org/observations/86659570,https://inaturalist-open-data.s3.amazonaws.com/photos/142799168/medium.jpg,,,,0,0,FALSE,3,"Mount Pitt Road, Norfolk Island, NF",-29.02556266,167.9404533,4,,,,4,,,FALSE,,,,Norfolk Island,,Melicytus ramiflorus oblongifolius,,Plantae,1060202
91281774,2016/11/05 11:00 AM EDT,5/11/2016,2016-11-05 15:00:00 UTC,Eastern Time (US & Canada),1645216,pgkaestner,2021-08-15 16:44:51 UTC,2021-09-24 10:00:49 UTC,research,CC-BY-NC,https://www.inaturalist.org/observations/91281774,https://inaturalist-open-data.s3.amazonaws.com/photos/150962378/medium.jpeg,,,,2,0,FALSE,,Norfolk Island,-29.040835,167.954712,6825,,,,6825,,open,FALSE,,,,Norfolk Island,異葉南洋杉,Araucaria heterophylla,Norfolk Island Pine,Plantae,127890
93309591,2021/09/01 1:38 PM UTC,1/09/2021,2021-09-01 13:38:00 UTC,UTC,3266996,susanprior,2021-09-01 23:12:31 UTC,2021-09-01 23:12:31 UTC,needs_id,CC-BY-NC,https://www.inaturalist.org/observations/93309591,https://inaturalist-open-data.s3.amazonaws.com/photos/154632276/medium.jpg,,,,0,0,FALSE,,Buffetts Road,-29.03339008,167.9877454,205,,,,205,,,FALSE,,,,Norfolk Island,Meryta latifolia,Meryta latifolia,,Plantae,961840
95235085,2013/04/26 9:28 AM AEST,26/04/2013,2013-04-25 23:28:00 UTC,Hobart,150795,elusiveorchids,2021-09-18 05:59:18 UTC,2022-01-16 14:08:00 UTC,research,CC-BY-NC-ND,https://www.inaturalist.org/observations/95235085,https://inaturalist-open-data.s3.amazonaws.com/photos/158079363/medium.jpg,,,,2,0,FALSE,,"Burnt Pine 2899, Norfolk Island",-29.02642667,167.9403117,,,,,,,,FALSE,,,,Norfolk Island,Hibiscus insularis,Hibiscus insularis,,Plantae,570341
95336032,2006/09/23 11:21 AM AEST,23/09/2006,2006-09-23 01:21:00 UTC,Brisbane,108966,nyoni-pete,2021-09-18 23:46:02 UTC,2022-01-01 20:32:53 UTC,research,CC-BY-NC,https://www.inaturalist.org/observations/95336032,https://inaturalist-open-data.s3.amazonaws.com/photos/158257754/medium.jpeg,,,4016/7,1,0,FALSE,,Norfolk Island,-29.040835,167.954712,6825,,,,6825,,open,FALSE,,,,Norfolk Island,Norfolk Island Pine,Araucaria heterophylla,Norfolk Island Pine,Plantae,127890
95337008,2006/09/23 3:40 PM AEST,23/09/2006,2006-09-23 05:40:00 UTC,Brisbane,108966,nyoni-pete,2021-09-18 23:55:21 UTC,2022-01-01 20:32:53 UTC,needs_id,CC-BY-NC,https://www.inaturalist.org/observations/95337008,https://inaturalist-open-data.s3.amazonaws.com/photos/158259270/medium.jpeg,,,4057/9  listed on the Wiki list of NI plants.,0,0,FALSE,,Norfolk Island,-29.040835,167.954712,6825,,,,6825,,,FALSE,,,,Norfolk Island,Angular Sea-Fig,Carpobrotus glaucescens,pigface,Plantae,60109
95337114,2006/09/23 3:42 PM AEST,23/09/2006,2006-09-23 05:42:00 UTC,Brisbane,108966,nyoni-pete,2021-09-18 23:56:16 UTC,2022-01-01 20:32:53 UTC,research,CC-BY-NC,https://www.inaturalist.org/observations/95337114,https://inaturalist-open-data.s3.amazonaws.com/photos/158259679/medium.jpeg,,,4060,1,0,FALSE,,Norfolk Island,-29.040835,167.954712,6825,,,,6825,,,FALSE,,,,Norfolk Island,Bejuco de mar,Ipomoea pes-caprae,Beach Morning Glory,Plantae,60879
95337742,2006/09/23 3:58 PM AEST,23/09/2006,2006-09-23 05:58:00 UTC,Brisbane,108966,nyoni-pete,2021-09-19 00:01:18 UTC,2022-02-23 12:07:08 UTC,needs_id,CC-BY-NC,https://www.inaturalist.org/observations/95337742,https://inaturalist-open-data.s3.amazonaws.com/photos/158260572/medium.jpeg,,,4070,0,0,FALSE,,Norfolk Island,-29.040835,167.954712,6825,,,,6825,,,FALSE,,,,Norfolk Island,Knobby Clubrush,Ficinia nodosa,Knobby Clubrush,Plantae,323913
95338020,2006/09/24 7:58 AM AEST,24/09/2006,2006-09-23 21:58:00 UTC,Brisbane,108966,nyoni-pete,2021-09-19 00:04:40 UTC,2022-01-01 20:32:53 UTC,needs_id,CC-BY-NC,https://www.inaturalist.org/observations/95338020,https://inaturalist-open-data.s3.amazonaws.com/photos/158261045/medium.jpeg,,,4080   listed on the Wiki list of NI plants.,0,0,FALSE,,Norfolk Island,-29.040835,167.954712,6825,,,,6825,,,FALSE,,,,Norfolk Island,New Zealand Flax,Phormium tenax,New Zealand flax,Plantae,51754
95338319,2006/09/24 7:59 AM AEST,24/09/2006,2006-09-23 21:59:00 UTC,Brisbane,108966,nyoni-pete,2021-09-19 00:08:28 UTC,2022-01-01 20:32:53 UTC,needs_id,CC-BY-NC,https://www.inaturalist.org/observations/95338319,https://inaturalist-open-data.s3.amazonaws.com/photos/158261857/medium.jpeg,,,4082,0,0,FALSE,,Norfolk Island,-29.040835,167.954712,6825,,,,6825,,,FALSE,,,,Norfolk Island,Meryta latifolia,Meryta latifolia,,Plantae,961840
95489341,2006/09/24 8:09 AM AEST,24/09/2006,2006-09-23 22:09:00 UTC,Brisbane,108966,nyoni-pete,2021-09-20 01:48:49 UTC,2022-01-01 20:32:53 UTC,needs_id,CC-BY-NC,https://www.inaturalist.org/observations/95489341,https://inaturalist-open-data.s3.amazonaws.com/photos/158532556/medium.jpeg,,,4094,0,0,FALSE,,Norfolk Island,-29.040835,167.954712,6825,,,,6825,,,FALSE,,,,Norfolk Island,New Zealand Flax,Phormium tenax,New Zealand flax,Plantae,51754
95489486,2006/09/24 8:11 AM AEST,24/09/2006,2006-09-23 22:11:00 UTC,Brisbane,108966,nyoni-pete,2021-09-20 01:50:04 UTC,2022-01-01 20:32:53 UTC,needs_id,CC-BY-NC,https://www.inaturalist.org/observations/95489486,https://inaturalist-open-data.s3.amazonaws.com/photos/158532745/medium.jpeg,,,4096,0,0,FALSE,,Norfolk Island,-29.040835,167.954712,6825,,,,6825,,,FALSE,,,,Norfolk Island,Abutilon julianae,Abutilon julianae,,Plantae,963576
95490611,2006/09/24 8:13 AM AEST,24/09/2006,2006-09-23 22:13:00 UTC,Brisbane,108966,nyoni-pete,2021-09-20 01:59:54 UTC,2022-01-01 20:32:53 UTC,needs_id,CC-BY-NC,https://www.inaturalist.org/observations/95490611,https://inaturalist-open-data.s3.amazonaws.com/photos/158534618/medium.jpeg,,,4101,0,0,FALSE,,Norfolk Island,-29.040835,167.954712,6825,,,,6825,,,FALSE,,,,Norfolk Island,Austral Bracken,Pteridium esculentum,Austral Bracken,Plantae,194768
95597001,2006/09/24 8:32 AM AEST,24/09/2006,2006-09-23 22:32:00 UTC,Brisbane,108966,nyoni-pete,2021-09-20 23:31:24 UTC,2022-01-01 20:32:53 UTC,research,CC-BY-NC,https://www.inaturalist.org/observations/95597001,https://inaturalist-open-data.s3.amazonaws.com/photos/158722767/medium.jpeg,,,4109  on the Wiki list of plants for NI.,1,0,FALSE,,Norfolk Island,-29.040835,167.954712,6825,,,,6825,,open,FALSE,,,,Norfolk Island,Varnishleaf,Dodonaea viscosa,Sticky hop-bush,Plantae,122711
95597090,2006/09/24 8:32 AM AEST,24/09/2006,2006-09-23 22:32:00 UTC,Brisbane,108966,nyoni-pete,2021-09-20 23:32:23 UTC,2022-01-01 20:32:53 UTC,needs_id,CC-BY-NC,https://www.inaturalist.org/observations/95597090,https://inaturalist-open-data.s3.amazonaws.com/photos/158722915/medium.jpeg,,,4111  on the Wiki list of plants for NI.,0,0,FALSE,,Norfolk Island,-29.040835,167.954712,6825,,,,6825,,,FALSE,,,,Norfolk Island,Scurvy Weed,Commelina cyanea,scurvy weed,Plantae,52930
95598115,2006/09/24 8:47 AM AEST,24/09/2006,2006-09-23 22:47:00 UTC,Brisbane,108966,nyoni-pete,2021-09-20 23:41:39 UTC,2022-01-01 20:32:53 UTC,needs_id,CC-BY-NC,https://www.inaturalist.org/observations/95598115,https://inaturalist-open-data.s3.amazonaws.com/photos/158724449/medium.jpeg,,,4122/3,0,0,FALSE,,Norfolk Island,-29.040835,167.954712,6825,,,,6825,,,FALSE,,,,Norfolk Island,Hound's Tongue Fern,Microsorum pustulatum,kangaroo fern,Plantae,64060
95599404,2006/09/24 1:21 PM AEST,24/09/2006,2006-09-24 03:21:00 UTC,Brisbane,108966,nyoni-pete,2021-09-20 23:54:27 UTC,2022-01-01 20:32:53 UTC,needs_id,CC-BY-NC,https://www.inaturalist.org/observations/95599404,https://inaturalist-open-data.s3.amazonaws.com/photos/158726913/medium.jpeg,,,4165  on Wiki list of NI plants ,0,0,FALSE,,Norfolk Island,-29.040835,167.954712,6825,,,,6825,,,FALSE,,,,Norfolk Island,Horseshoe Felt Fern,Pyrrosia confluens,,Plantae,489272
95600479,2006/09/24 3:49 PM AEST,24/09/2006,2006-09-24 05:49:00 UTC,Brisbane,108966,nyoni-pete,2021-09-21 00:04:43 UTC,2022-01-01 20:32:53 UTC,needs_id,CC-BY-NC,https://www.inaturalist.org/observations/95600479,https://inaturalist-open-data.s3.amazonaws.com/photos/158728817/medium.jpeg,,,4199 on Wiki list of NI plants ,0,0,FALSE,,Norfolk Island,-29.040835,167.954712,6825,,,,6825,,,FALSE,,,,Norfolk Island,Soft Fern,Christella dentata,Soft Fern,Plantae,369851
95919771,2006/09/24 4:04 PM AEST,24/09/2006,2006-09-24 06:04:00 UTC,Brisbane,108966,nyoni-pete,2021-09-24 01:59:21 UTC,2022-01-01 20:32:53 UTC,needs_id,CC-BY-NC,https://www.inaturalist.org/observations/95919771,https://inaturalist-open-data.s3.amazonaws.com/photos/159296984/medium.jpeg,,,4226 camera wouldn't focus where I wanted it to!!,0,0,FALSE,,Norfolk Island,-29.040835,167.954712,6825,,,,6825,,,FALSE,,,,Norfolk Island,Slender Knotweed,Persicaria decipiens,Slender Knotweed,Plantae,369917
95920444,2006/09/25 7:38 AM AEST,25/09/2006,2006-09-24 21:38:00 UTC,Brisbane,108966,nyoni-pete,2021-09-24 02:06:52 UTC,2022-01-01 20:32:53 UTC,research,CC-BY-NC,https://www.inaturalist.org/observations/95920444,https://inaturalist-open-data.s3.amazonaws.com/photos/159297982/medium.jpeg,,,4235/7,1,0,FALSE,,Norfolk Island,-29.040835,167.954712,6825,,,,6825,,,FALSE,,,,Norfolk Island,Norfolk tree fern,Sphaeropteris excelsa,Norfolk tree fern,Plantae,1105429
95920666,2006/09/25 7:38 AM AEST,25/09/2006,2006-09-24 21:38:00 UTC,Brisbane,108966,nyoni-pete,2021-09-24 02:08:46 UTC,2022-01-01 20:32:53 UTC,needs_id,CC-BY-NC,https://www.inaturalist.org/observations/95920666,https://inaturalist-open-data.s3.amazonaws.com/photos/159298267/medium.jpeg,,,4236  subsp norfolkensis,0,0,FALSE,,Norfolk Island,-29.040835,167.954712,6825,,,,6825,,,FALSE,,,,Norfolk Island,Rough Tree-Fern,Cyathea australis,rough tree-fern,Plantae,323942
95920745,2006/09/25 7:40 AM AEST,25/09/2006,2006-09-24 21:40:00 UTC,Brisbane,108966,nyoni-pete,2021-09-24 02:09:52 UTC,2022-01-16 14:08:13 UTC,research,CC-BY-NC,https://www.inaturalist.org/observations/95920745,https://inaturalist-open-data.s3.amazonaws.com/photos/159298423/medium.jpeg,,,4238,1,0,FALSE,,Norfolk Island,-29.040835,167.954712,6825,,,,6825,,,FALSE,,,,Norfolk Island,Hibiscus insularis,Hibiscus insularis,,Plantae,570341
95920915,2006/09/25 7:41 AM AEST,25/09/2006,2006-09-24 21:41:00 UTC,Brisbane,108966,nyoni-pete,2021-09-24 02:11:51 UTC,2022-01-01 20:32:53 UTC,needs_id,CC-BY-NC,https://www.inaturalist.org/observations/95920915,https://inaturalist-open-data.s3.amazonaws.com/photos/159298635/medium.jpeg,,,4241/2,0,0,FALSE,,Norfolk Island,-29.040835,167.954712,6825,,,,6825,,,FALSE,,,,Norfolk Island,King Fern,Ptisana salicina,King fern,Plantae,410562
95920996,2006/09/25 7:54 AM AEST,25/09/2006,2006-09-24 21:54:00 UTC,Brisbane,108966,nyoni-pete,2021-09-24 02:13:17 UTC,2022-01-01 20:32:53 UTC,needs_id,CC-BY-NC,https://www.inaturalist.org/observations/95920996,https://inaturalist-open-data.s3.amazonaws.com/photos/159298887/medium.jpeg,,,4250,0,0,FALSE,,Norfolk Island,-29.040835,167.954712,6825,,,,6825,,,FALSE,,,,Norfolk Island,Alyxia gynopogon,Alyxia gynopogon,,Plantae,430638
95921161,2006/09/25 7:56 AM AEST,25/09/2006,2006-09-24 21:56:00 UTC,Brisbane,108966,nyoni-pete,2021-09-24 02:15:45 UTC,2022-01-01 20:32:53 UTC,needs_id,CC-BY-NC,https://www.inaturalist.org/observations/95921161,https://inaturalist-open-data.s3.amazonaws.com/photos/159298999/medium.jpeg,,,4251/2,0,0,FALSE,,Norfolk Island,-29.040835,167.954712,6825,,,,6825,,,FALSE,,,,Norfolk Island,Euphorbia norfolkiana,Euphorbia norfolkiana,,Plantae,961842
95921316,2006/09/25 7:58 AM AEST,25/09/2006,2006-09-24 21:58:00 UTC,Brisbane,108966,nyoni-pete,2021-09-24 02:17:30 UTC,2022-01-01 20:32:53 UTC,needs_id,CC-BY-NC,https://www.inaturalist.org/observations/95921316,https://inaturalist-open-data.s3.amazonaws.com/photos/159299365/medium.jpeg,,,4253 in the Wiki list of plants for NI.,0,0,FALSE,,Norfolk Island,-29.040835,167.954712,6825,,,,6825,,,FALSE,,,,Norfolk Island,Three Kings Cabbage Tree,Cordyline obtecta,Three Kings Cabbage Tree,Plantae,410123
95921431,2006/09/25 7:59 AM AEST,25/09/2006,2006-09-24 21:59:00 UTC,Brisbane,108966,nyoni-pete,2021-09-24 02:18:48 UTC,2022-01-01 20:32:53 UTC,needs_id,CC-BY-NC,https://www.inaturalist.org/observations/95921431,https://inaturalist-open-data.s3.amazonaws.com/photos/159299539/medium.jpeg,,,4254 in the Wiki list of plants for NI.,0,0,FALSE,,Norfolk Island,-29.040835,167.954712,6825,,,,6825,,,FALSE,,,,Norfolk Island,Dianella intermedia,Dianella intermedia,,Plantae,1065134
96047806,2006/09/25 8:02 AM AEST,25/09/2006,2006-09-24 22:02:00 UTC,Brisbane,108966,nyoni-pete,2021-09-25 05:14:24 UTC,2022-01-01 20:32:53 UTC,needs_id,CC-BY-NC,https://www.inaturalist.org/observations/96047806,https://inaturalist-open-data.s3.amazonaws.com/photos/159522498/medium.jpeg,,,4257/8,0,0,FALSE,,Norfolk Island,-29.040835,167.954712,6825,,,,6825,,,FALSE,,,,Norfolk Island,Nettle Tree,Boehmeria australis,Nettle Tree,Plantae,400044
96047911,2006/09/25 8:04 AM AEST,25/09/2006,2006-09-24 22:04:00 UTC,Brisbane,108966,nyoni-pete,2021-09-25 05:17:14 UTC,2022-01-01 20:32:53 UTC,needs_id,CC-BY-NC,https://www.inaturalist.org/observations/96047911,https://inaturalist-open-data.s3.amazonaws.com/photos/159522699/medium.jpeg,,,4260/1,0,0,FALSE,,Norfolk Island,-29.040835,167.954712,6825,,,,6825,,,FALSE,,,,Norfolk Island,Prickly Shield Fern,Arachniodes aristata,Prickly Shield fern,Plantae,369398
96048051,2006/09/25 8:08 AM AEST,25/09/2006,2006-09-24 22:08:00 UTC,Brisbane,108966,nyoni-pete,2021-09-25 05:21:16 UTC,2022-01-01 20:32:53 UTC,needs_id,CC-BY-NC,https://www.inaturalist.org/observations/96048051,https://inaturalist-open-data.s3.amazonaws.com/photos/159522956/medium.jpeg,,,4266/7,0,0,FALSE,,Norfolk Island,-29.040835,167.954712,6825,,,,6825,,,FALSE,,,,Norfolk Island,Melodinus baueri,Melodinus baueri,,Plantae,890341
96048096,2006/09/25 8:12 AM AEST,25/09/2006,2006-09-24 22:12:00 UTC,Brisbane,108966,nyoni-pete,2021-09-25 05:22:32 UTC,2022-01-01 20:32:53 UTC,research,CC-BY-NC,https://www.inaturalist.org/observations/96048096,https://inaturalist-open-data.s3.amazonaws.com/photos/159523070/medium.jpeg,,,4269,1,0,FALSE,,Norfolk Island,-29.040835,167.954712,6825,,,,6825,,,FALSE,,,,Norfolk Island,長尾鐵線蕨,Adiantum diaphanum,Filmy Maidenhair,Plantae,327382
96048122,2006/09/25 8:14 AM AEST,25/09/2006,2006-09-24 22:14:00 UTC,Brisbane,108966,nyoni-pete,2021-09-25 05:23:28 UTC,2022-01-01 20:32:53 UTC,needs_id,CC-BY-NC,https://www.inaturalist.org/observations/96048122,https://inaturalist-open-data.s3.amazonaws.com/photos/159523143/medium.jpeg,,,4270,0,0,FALSE,,Norfolk Island,-29.040835,167.954712,6825,,,,6825,,,FALSE,,,,Norfolk Island,Meryta angustifolia,Meryta angustifolia,,Plantae,963442
96048235,2006/09/25 8:15 AM AEST,25/09/2006,2006-09-24 22:15:00 UTC,Brisbane,108966,nyoni-pete,2021-09-25 05:25:57 UTC,2022-01-01 20:32:53 UTC,needs_id,CC-BY-NC,https://www.inaturalist.org/observations/96048235,https://inaturalist-open-data.s3.amazonaws.com/photos/159523304/medium.jpeg,,,4271 on Wiki list of NI plants.  subsp psittacorum,0,0,FALSE,,Norfolk Island,-29.040835,167.954712,6825,,,,6825,,,FALSE,,,,Norfolk Island,Kawakawa,Piper excelsum,Kawakawa,Plantae,404899
96048355,2006/09/25 8:17 AM AEST,25/09/2006,2006-09-24 22:17:00 UTC,Brisbane,108966,nyoni-pete,2021-09-25 05:28:17 UTC,2022-01-01 20:32:53 UTC,needs_id,CC-BY-NC,https://www.inaturalist.org/observations/96048355,https://inaturalist-open-data.s3.amazonaws.com/photos/159523426/medium.jpeg,,,"4271 on Wiki list of NI plants.
subsp. oblongifolius",0,0,FALSE,,Norfolk Island,-29.040835,167.954712,6825,,,,6825,,,FALSE,,,,Norfolk Island,Mahoe,Melicytus ramiflorus,Mahoe,Plantae,197063
96048457,2006/09/25 8:22 AM AEST,25/09/2006,2006-09-24 22:22:00 UTC,Brisbane,108966,nyoni-pete,2021-09-25 05:31:12 UTC,2022-01-01 20:32:53 UTC,research,CC-BY-NC,https://www.inaturalist.org/observations/96048457,https://inaturalist-open-data.s3.amazonaws.com/photos/159523784/medium.jpeg,,,4277,1,0,FALSE,,Norfolk Island,-29.040835,167.954712,6825,,,,6825,,,FALSE,,,,Norfolk Island,Asplenium dimorphum,Asplenium dimorphum,,Plantae,430696
96048547,2006/09/25 8:23 AM AEST,25/09/2006,2006-09-24 22:23:00 UTC,Brisbane,108966,nyoni-pete,2021-09-25 05:33:08 UTC,2022-01-01 20:32:53 UTC,needs_id,CC-BY-NC,https://www.inaturalist.org/observations/96048547,https://inaturalist-open-data.s3.amazonaws.com/photos/159523902/medium.jpeg,,,4279  on Wiki list of NI plants. endemic,0,0,FALSE,,Norfolk Island,-29.040835,167.954712,6825,,,,6825,,,FALSE,,,,Norfolk Island,Dianella intermedia,Dianella intermedia,,Plantae,1065134
96048600,2006/09/25 8:29 AM AEST,25/09/2006,2006-09-24 22:29:00 UTC,Brisbane,108966,nyoni-pete,2021-09-25 05:34:04 UTC,2022-01-01 20:32:53 UTC,needs_id,CC-BY-NC,https://www.inaturalist.org/observations/96048600,https://inaturalist-open-data.s3.amazonaws.com/photos/159523961/medium.jpeg,,,4281  on Wiki list of NI plants.,0,0,FALSE,,Norfolk Island,-29.040835,167.954712,6825,,,,6825,,,FALSE,,,,Norfolk Island,Bird's Nest Fern,Asplenium australasicum,Bird's nest fern,Plantae,83561
96048648,2006/09/25 8:32 AM AEST,25/09/2006,2006-09-24 22:32:00 UTC,Brisbane,108966,nyoni-pete,2021-09-25 05:35:16 UTC,2022-01-01 20:32:53 UTC,needs_id,CC-BY-NC,https://www.inaturalist.org/observations/96048648,https://inaturalist-open-data.s3.amazonaws.com/photos/159524040/medium.jpeg,,,4282  on Wiki list of NI plants.,0,0,FALSE,,Norfolk Island,-29.040835,167.954712,6825,,,,6825,,,FALSE,,,,Norfolk Island,Basketgrasses,Oplismenus hirtellus,Basket Grass,Plantae,165865
96048717,2006/09/25 8:34 AM AEST,25/09/2006,2006-09-24 22:34:00 UTC,Brisbane,108966,nyoni-pete,2021-09-25 05:36:10 UTC,2022-01-01 20:32:53 UTC,needs_id,CC-BY-NC,https://www.inaturalist.org/observations/96048717,https://inaturalist-open-data.s3.amazonaws.com/photos/159524116/medium.jpeg,,,4283  on Wiki list of NI plants.,0,0,FALSE,,Norfolk Island,-29.040835,167.954712,6825,,,,6825,,,FALSE,,,,Norfolk Island,Climbing Fern,Arthropteris tenella,Climbing Fern,Plantae,370450
96048760,2006/09/25 8:37 AM AEST,25/09/2006,2006-09-24 22:37:00 UTC,Brisbane,108966,nyoni-pete,2021-09-25 05:37:22 UTC,2022-03-01 05:52:41 UTC,needs_id,CC-BY-NC,https://www.inaturalist.org/observations/96048760,https://inaturalist-open-data.s3.amazonaws.com/photos/159524178/medium.jpeg,,,"4284  on Wiki list of NI plants.
subsp affinis",1,0,FALSE,,Norfolk Island,-29.040835,167.954712,6825,,,,6825,,,FALSE,,,,Norfolk Island,Zehneria baueriana,Zehneria baueriana,,Plantae,1361286
96048824,2006/09/25 8:39 AM AEST,25/09/2006,2006-09-24 22:39:00 UTC,Brisbane,108966,nyoni-pete,2021-09-25 05:38:56 UTC,2022-02-19 08:34:26 UTC,needs_id,CC-BY-NC,https://www.inaturalist.org/observations/96048824,https://inaturalist-open-data.s3.amazonaws.com/photos/159524286/medium.jpeg,,,4285  on Wiki list of NI plants. as Millettia australis,0,0,FALSE,,,-29.02702205,167.8469249,6825,,,,29533,,obscured,TRUE,,,,Norfolk Island,Callerya australis,Austrocallerya australis,,Plantae,1144119
96209510,2019/03/30 1:54 PM UTC,30/03/2019,2019-03-30 13:54:00 UTC,UTC,3156621,ilyafomin,2021-09-26 11:05:41 UTC,2021-10-08 23:57:36 UTC,research,CC-BY-NC,https://www.inaturalist.org/observations/96209510,https://inaturalist-open-data.s3.amazonaws.com/photos/159806111/medium.jpeg,,,,1,0,FALSE,,"Norfolk Island (Mt Pitt), NF",-29.00676923,167.9426125,244,,,,244,,,FALSE,,,,Norfolk Island,Three Kings Cabbage Tree,Cordyline obtecta,Three Kings Cabbage Tree,Plantae,410123
96209511,2019/03/30 2:43 PM UTC,30/03/2019,2019-03-30 14:43:00 UTC,UTC,3156621,ilyafomin,2021-09-26 11:05:41 UTC,2021-11-02 11:51:41 UTC,research,CC-BY-NC,https://www.inaturalist.org/observations/96209511,https://inaturalist-open-data.s3.amazonaws.com/photos/159805585/medium.jpeg,,,,1,0,FALSE,,"Norfolk Island (Mt Pitt), NF",-29.00588449,167.9423402,31,,,,31,,,FALSE,,,,Norfolk Island,Norfolk Island hibiscus,Lagunaria patersonia,Norfolk Island hibiscus,Plantae,77622
97323091,2006/09/26 8:08 AM AEST,26/09/2006,2006-09-25 22:08:00 UTC,Brisbane,108966,nyoni-pete,2021-10-06 06:27:19 UTC,2022-01-01 20:32:53 UTC,research,CC-BY-NC,https://www.inaturalist.org/observations/97323091,https://inaturalist-open-data.s3.amazonaws.com/photos/161838739/medium.jpeg,,,4314/5,1,0,FALSE,,"Phillip Island, 2899, Norfolk Island",-29.1201976,167.9524488,1457,,,,1457,,,FALSE,,,,Norfolk Island,Devil's Horsewhip,Achyranthes aspera,Devil's Horsewhip,Plantae,157960
97323265,2006/09/26 8:10 AM AEST,26/09/2006,2006-09-25 22:10:00 UTC,Brisbane,108966,nyoni-pete,2021-10-06 06:29:35 UTC,2022-01-01 20:32:53 UTC,needs_id,CC-BY-NC,https://www.inaturalist.org/observations/97323265,https://inaturalist-open-data.s3.amazonaws.com/photos/161838888/medium.jpeg,,,4316/7,0,0,FALSE,,"Phillip Island, 2899, Norfolk Island",-29.1201976,167.9524488,1457,,,,1457,,,FALSE,,,,Norfolk Island,Common Leaf-Rush,Cyperus lucidus,Common Leaf-rush,Plantae,370174
97323317,2006/09/26 8:11 AM AEST,26/09/2006,2006-09-25 22:11:00 UTC,Brisbane,108966,nyoni-pete,2021-10-06 06:31:07 UTC,2022-01-01 20:32:53 UTC,needs_id,CC-BY-NC,https://www.inaturalist.org/observations/97323317,https://inaturalist-open-data.s3.amazonaws.com/photos/161838990/medium.jpeg,,,4318  on the Wiki list for NI.,0,0,FALSE,,"Phillip Island, 2899, Norfolk Island",-29.1201976,167.9524488,1457,,,,1457,,,FALSE,,,,Norfolk Island,Angular Sea-Fig,Carpobrotus glaucescens,pigface,Plantae,60109
97323346,2006/09/26 8:19 AM AEST,26/09/2006,2006-09-25 22:19:00 UTC,Brisbane,108966,nyoni-pete,2021-10-06 06:32:03 UTC,2022-01-01 20:32:53 UTC,research,CC-BY-NC,https://www.inaturalist.org/observations/97323346,https://inaturalist-open-data.s3.amazonaws.com/photos/161839090/medium.jpeg,,,4321,1,0,FALSE,,"Phillip Island, 2899, Norfolk Island",-29.1201976,167.9524488,1457,,,,1457,,,FALSE,,,,Norfolk Island,Cyperus lucidus,Cyperus lucidus,Common Leaf-rush,Plantae,370174
97323437,2006/09/26 8:34 AM AEST,26/09/2006,2006-09-25 22:34:00 UTC,Brisbane,108966,nyoni-pete,2021-10-06 06:34:59 UTC,2022-02-23 19:45:06 UTC,needs_id,CC-BY-NC,https://www.inaturalist.org/observations/97323437,https://inaturalist-open-data.s3.amazonaws.com/photos/161839137/medium.jpeg,,,4329/30,1,0,FALSE,,"Phillip Island, 2899, Norfolk Island",-29.1201976,167.9524488,1457,,,,1457,,,FALSE,,,,Norfolk Island,Knobby Clubrush,Ficinia nodosa,Knobby Clubrush,Plantae,323913
97323509,2006/09/26 8:40 AM AEST,26/09/2006,2006-09-25 22:40:00 UTC,Brisbane,108966,nyoni-pete,2021-10-06 06:38:10 UTC,2022-01-01 20:32:53 UTC,needs_id,CC-BY-NC,https://www.inaturalist.org/observations/97323509,https://inaturalist-open-data.s3.amazonaws.com/photos/161839516/medium.jpeg,,,4334,0,0,FALSE,,"Phillip Island, 2899, Norfolk Island",-29.1201976,167.9524488,1457,,,,1457,,open,FALSE,,,,Norfolk Island,Norfolk Island Pine,Araucaria heterophylla,Norfolk Island Pine,Plantae,127890
97323569,2006/09/26 8:46 AM AEST,26/09/2006,2006-09-25 22:46:00 UTC,Brisbane,108966,nyoni-pete,2021-10-06 06:40:56 UTC,2022-01-16 14:08:16 UTC,research,CC-BY-NC,https://www.inaturalist.org/observations/97323569,https://inaturalist-open-data.s3.amazonaws.com/photos/161839689/medium.jpeg,,,4336,2,0,FALSE,,"Phillip Island, 2899, Norfolk Island",-29.1201976,167.9524488,1457,,,,1457,,,FALSE,,,,Norfolk Island,Hibiscus insularis,Hibiscus insularis,,Plantae,570341
97323619,2006/09/26 8:51 AM AEST,26/09/2006,2006-09-25 22:51:00 UTC,Brisbane,108966,nyoni-pete,2021-10-06 06:42:41 UTC,2022-02-23 12:07:23 UTC,needs_id,CC-BY-NC,https://www.inaturalist.org/observations/97323619,https://inaturalist-open-data.s3.amazonaws.com/photos/161839774/medium.jpeg,,,4338,0,0,FALSE,,"Phillip Island, 2899, Norfolk Island",-29.1201976,167.9524488,1457,,,,1457,,,FALSE,,,,Norfolk Island,Wollastonia uniflora,Wollastonia uniflora,,Plantae,1181607
97323742,2006/09/26 9:06 AM AEST,26/09/2006,2006-09-25 23:06:00 UTC,Brisbane,108966,nyoni-pete,2021-10-06 06:46:06 UTC,2022-01-01 20:32:53 UTC,needs_id,CC-BY-NC,https://www.inaturalist.org/observations/97323742,https://inaturalist-open-data.s3.amazonaws.com/photos/161839969/medium.jpeg,,,"4347 probably not enough here for id, but guide told us this tree was v invasive on island and was being eradicated.   
on the Wiki list for NI.",0,0,FALSE,,"Phillip Island, 2899, Norfolk Island",-29.1201976,167.9524488,1457,,,,1457,,,FALSE,,,,Norfolk Island,African Olive,Olea europaea cuspidata,African olive,Plantae,322082
97323828,2006/09/26 9:13 AM AEST,26/09/2006,2006-09-25 23:13:00 UTC,Brisbane,108966,nyoni-pete,2021-10-06 06:49:46 UTC,2022-01-01 20:32:53 UTC,research,CC-BY-NC,https://www.inaturalist.org/observations/97323828,https://inaturalist-open-data.s3.amazonaws.com/photos/161840267/medium.jpeg,,,4352   on the Wiki list for NI.,1,0,FALSE,,"Phillip Island, 2899, Norfolk Island",-29.1201976,167.9524488,1457,,,,1457,,,FALSE,,,,Norfolk Island,Devil's Horsewhip,Achyranthes aspera,Devil's Horsewhip,Plantae,157960
97423319,2006/09/26 4:00 PM AEST,26/09/2006,2006-09-26 06:00:00 UTC,Brisbane,108966,nyoni-pete,2021-10-07 05:52:05 UTC,2022-01-01 20:32:53 UTC,needs_id,CC-BY-NC,https://www.inaturalist.org/observations/97423319,https://inaturalist-open-data.s3.amazonaws.com/photos/162023822/medium.jpeg,,,4441,0,0,FALSE,,Norfolk Island,-29.040835,167.954712,6825,,,,6825,,,FALSE,,,,Norfolk Island,Three Kings Cabbage Tree,Cordyline obtecta,Three Kings Cabbage Tree,Plantae,410123
97423806,2006/09/27 7:48 AM AEST,27/09/2006,2006-09-26 21:48:00 UTC,Brisbane,108966,nyoni-pete,2021-10-07 06:06:16 UTC,2022-01-01 20:32:53 UTC,needs_id,CC-BY-NC,https://www.inaturalist.org/observations/97423806,https://inaturalist-open-data.s3.amazonaws.com/photos/162024710/medium.jpeg,,,4467  on the Wiki list of plants for NI.,0,0,FALSE,,Norfolk Island,-29.040835,167.954712,6825,,,,6825,,open,FALSE,,,,Norfolk Island,Norfolk Island Pine,Araucaria heterophylla,Norfolk Island Pine,Plantae,127890
97465560,Thu Mar 12 2020 12:38:00 GMT-0700 (PDT),12/03/2020,2020-03-12 19:38:00 UTC,Pacific Time (US & Canada),5031828,jasper-dragon,2021-10-07 17:57:50 UTC,2021-10-08 07:10:53 UTC,needs_id,CC-BY-NC,https://www.inaturalist.org/observations/97465560,https://inaturalist-open-data.s3.amazonaws.com/photos/162101935/medium.jpg,,,"The Norfolk Island Pine
One of the worlds oldest conifers dating back to the Jurassic times",1,0,FALSE,3,"Norfolk Island, Norfolk Island, NF",-29.01714346,167.9346033,42,,,,42,,open,FALSE,,,,Norfolk Island,Norfolk Island Pine,Araucaria heterophylla,Norfolk Island Pine,Plantae,127890
97522099,2006/09/27 8:33 AM AEST,27/09/2006,2006-09-26 22:33:00 UTC,Brisbane,108966,nyoni-pete,2021-10-08 06:07:31 UTC,2022-01-01 20:32:53 UTC,needs_id,CC-BY-NC,https://www.inaturalist.org/observations/97522099,https://inaturalist-open-data.s3.amazonaws.com/photos/162204279/medium.jpeg,,,4483/5  on the Wiki list of NI plants.,0,0,FALSE,,Norfolk Island,-29.040835,167.954712,6825,,,,6825,,,FALSE,,,,Norfolk Island,Prickly Rasp Fern,Doodia aspera,Prickly Rasp fern,Plantae,353835
97522367,2006/09/27 8:41 AM AEST,27/09/2006,2006-09-26 22:41:00 UTC,Brisbane,108966,nyoni-pete,2021-10-08 06:16:52 UTC,2022-01-01 20:32:53 UTC,research,CC-BY-NC,https://www.inaturalist.org/observations/97522367,https://inaturalist-open-data.s3.amazonaws.com/photos/162204898/medium.jpeg,,,4488/9/90  on the Wiki list of NI plants.,1,0,FALSE,,Norfolk Island,-29.040835,167.954712,6825,,,,6825,,,FALSE,,,,Norfolk Island,hound's tongue fern,Microsorum pustulatum,kangaroo fern,Plantae,64060
97522395,2006/09/27 8:44 AM AEST,27/09/2006,2006-09-26 22:44:00 UTC,Brisbane,108966,nyoni-pete,2021-10-08 06:18:07 UTC,2022-01-01 20:32:53 UTC,research,CC-BY-NC,https://www.inaturalist.org/observations/97522395,https://inaturalist-open-data.s3.amazonaws.com/photos/162204978/medium.jpeg,,,"4491 perhaps, on the Wiki list of NI plants.",1,0,FALSE,,Norfolk Island,-29.040835,167.954712,6825,,,,6825,,open,FALSE,,,,Norfolk Island,黃槿,Hibiscus tiliaceus,sea hibiscus,Plantae,62868
97522489,2006/09/27 8:47 AM AEST,27/09/2006,2006-09-26 22:47:00 UTC,Brisbane,108966,nyoni-pete,2021-10-08 06:21:09 UTC,2022-01-01 20:32:53 UTC,research,CC-BY-NC,https://www.inaturalist.org/observations/97522489,https://inaturalist-open-data.s3.amazonaws.com/photos/162205219/medium.jpeg,,,4493/5  on the Wiki list of NI plants as Adiantum pubescens.,1,0,FALSE,,Norfolk Island,-29.040835,167.954712,6825,,,,6825,,,FALSE,,,,Norfolk Island,Rough Maidenhair Fern,Adiantum hispidulum,Rough Maidenhair Fern,Plantae,158020
97522581,2006/09/27 8:54 AM AEST,27/09/2006,2006-09-26 22:54:00 UTC,Brisbane,108966,nyoni-pete,2021-10-08 06:23:29 UTC,2022-01-01 20:32:53 UTC,needs_id,CC-BY-NC,https://www.inaturalist.org/observations/97522581,https://inaturalist-open-data.s3.amazonaws.com/photos/162205405/medium.jpeg,,,4498 on the Wiki list of NI plants. endemic,0,0,FALSE,,Norfolk Island,-29.040835,167.954712,6825,,,,6825,,,FALSE,,,,Norfolk Island,Asplenium dimorphum,Asplenium dimorphum,,Plantae,430696
97522681,2006/09/27 8:55 AM AEST,27/09/2006,2006-09-26 22:55:00 UTC,Brisbane,108966,nyoni-pete,2021-10-08 06:26:54 UTC,2022-01-01 20:32:53 UTC,needs_id,CC-BY-NC,https://www.inaturalist.org/observations/97522681,https://inaturalist-open-data.s3.amazonaws.com/photos/162205481/medium.jpeg,,,4499/4500  on the Wiki list of NI plants.,0,0,FALSE,,Norfolk Island,-29.040835,167.954712,6825,,,,6825,,,FALSE,,,,Norfolk Island,Prickly Shield Fern,Arachniodes aristata,Prickly Shield fern,Plantae,369398
97522802,2006/09/27 9:04 AM AEST,27/09/2006,2006-09-26 23:04:00 UTC,Brisbane,108966,nyoni-pete,2021-10-08 06:30:29 UTC,2022-01-01 20:32:53 UTC,needs_id,CC-BY-NC,https://www.inaturalist.org/observations/97522802,https://inaturalist-open-data.s3.amazonaws.com/photos/162205782/medium.jpeg,,,4504,0,0,FALSE,,Norfolk Island,-29.040835,167.954712,6825,,,,6825,,,FALSE,,,,Norfolk Island,Exocarpos phyllanthoides,Exocarpos phyllanthoides,,Plantae,1046747
97523687,2006/09/27 9:57 AM AEST,27/09/2006,2006-09-26 23:57:00 UTC,Brisbane,108966,nyoni-pete,2021-10-08 06:54:07 UTC,2022-03-01 07:11:28 UTC,needs_id,CC-BY-NC,https://www.inaturalist.org/observations/97523687,https://inaturalist-open-data.s3.amazonaws.com/photos/162206969/medium.jpeg,,,"4526/7  I believe this is Pteris kingiana, not listed here but on the Wiki list of NI plants and at GBIF  https://www.gbif.org/species/5614200
CoL gives P. kingiana as a syn of P. imcompleta/",0,0,FALSE,,Norfolk Island,-29.040835,167.954712,6825,,,,6825,,,FALSE,,,,Norfolk Island,Pteris kingiana,Pteris kingiana,,Plantae,1349995
97523890,2006/09/27 9:59 AM AEST,27/09/2006,2006-09-26 23:59:00 UTC,Brisbane,108966,nyoni-pete,2021-10-08 07:00:20 UTC,2022-01-01 20:32:53 UTC,needs_id,CC-BY-NC,https://www.inaturalist.org/observations/97523890,https://inaturalist-open-data.s3.amazonaws.com/photos/162207873/medium.jpeg,,,4530  on the Wiki list of plants on NI.,0,0,FALSE,,Norfolk Island,-29.040835,167.954712,6825,,,,6825,,,FALSE,,,,Norfolk Island,Nettle Tree,Boehmeria australis,Nettle Tree,Plantae,400044
97523963,2006/09/27 10:04 AM AEST,27/09/2006,2006-09-27 00:04:00 UTC,Brisbane,108966,nyoni-pete,2021-10-08 07:01:51 UTC,2022-01-01 20:32:53 UTC,needs_id,CC-BY-NC,https://www.inaturalist.org/observations/97523963,https://inaturalist-open-data.s3.amazonaws.com/photos/162208034/medium.jpeg,,,4533/5  on the Wiki list of plants on NI.,0,0,FALSE,,Norfolk Island,-29.040835,167.954712,6825,,,,6825,,,FALSE,,,,Norfolk Island,Carex neesiana,Carex neesiana,,Plantae,1290459
97524077,2006/09/27 10:11 AM AEST,27/09/2006,2006-09-27 00:11:00 UTC,Brisbane,108966,nyoni-pete,2021-10-08 07:05:19 UTC,2022-01-01 20:32:53 UTC,needs_id,CC-BY-NC,https://www.inaturalist.org/observations/97524077,https://inaturalist-open-data.s3.amazonaws.com/photos/162208269/medium.jpeg,,,4539  on the Wiki list of plants on NI.,0,0,FALSE,,Norfolk Island,-29.040835,167.954712,6825,,,,6825,,,FALSE,,,,Norfolk Island,Exocarpos phyllanthoides,Exocarpos phyllanthoides,,Plantae,1046747
97868826,2006/09/27 10:27 AM AEST,27/09/2006,2006-09-27 00:27:00 UTC,Brisbane,108966,nyoni-pete,2021-10-11 06:12:00 UTC,2022-01-01 20:32:53 UTC,research,CC-BY-NC,https://www.inaturalist.org/observations/97868826,https://inaturalist-open-data.s3.amazonaws.com/photos/162838493/medium.jpeg,,,4543  seedling,1,0,FALSE,,Norfolk Island,-29.040835,167.954712,6825,,,,6825,,open,FALSE,,,,Norfolk Island,Norfolk Island Pine,Araucaria heterophylla,Norfolk Island Pine,Plantae,127890
97868962,2006/09/27 10:34 AM AEST,27/09/2006,2006-09-27 00:34:00 UTC,Brisbane,108966,nyoni-pete,2021-10-11 06:14:22 UTC,2022-01-01 20:32:53 UTC,research,CC-BY-NC,https://www.inaturalist.org/observations/97868962,https://inaturalist-open-data.s3.amazonaws.com/photos/162838607/medium.jpeg,,,4545  on the Wiki list of NI plants.,1,0,FALSE,,Norfolk Island,-29.040835,167.954712,6825,,,,6825,,,FALSE,,,,Norfolk Island,Soft Fern,Christella dentata,Soft Fern,Plantae,369851
97869220,2006/09/28 7:07 AM AEST,28/09/2006,2006-09-27 21:07:00 UTC,Brisbane,108966,nyoni-pete,2021-10-11 06:23:17 UTC,2022-01-01 20:32:53 UTC,research,CC-BY-NC,https://www.inaturalist.org/observations/97869220,https://inaturalist-open-data.s3.amazonaws.com/photos/162839263/medium.jpeg,,,4563  on the Wiki list of NI plants.,1,0,FALSE,,Norfolk Island,-29.040835,167.954712,6825,,,,6825,,,FALSE,,,,Norfolk Island,Austral Bracken,Pteridium esculentum,Austral Bracken,Plantae,194768
97869278,2006/09/28 7:09 AM AEST,28/09/2006,2006-09-27 21:09:00 UTC,Brisbane,108966,nyoni-pete,2021-10-11 06:25:01 UTC,2022-01-01 20:32:53 UTC,research,CC-BY-NC,https://www.inaturalist.org/observations/97869278,https://inaturalist-open-data.s3.amazonaws.com/photos/162839361/medium.jpeg,,,4564/5,1,0,FALSE,,Norfolk Island,-29.040835,167.954712,6825,,,,6825,,,FALSE,,,,Norfolk Island,Kermadec Island Nikau,Rhopalostylis baueri,Kermadec Island Nikau,Plantae,366007
97869578,2006/09/28 7:38 AM AEST,28/09/2006,2006-09-27 21:38:00 UTC,Brisbane,108966,nyoni-pete,2021-10-11 06:32:23 UTC,2022-01-01 20:32:53 UTC,needs_id,CC-BY-NC,https://www.inaturalist.org/observations/97869578,https://inaturalist-open-data.s3.amazonaws.com/photos/162839910/medium.jpeg,,,4575  on the Wiki list of NI plants as Tylophora biglandulosa.,0,0,FALSE,,Norfolk Island,-29.040835,167.954712,6825,,,,6825,,,FALSE,,,,Norfolk Island,Vincetoxicum biglandulosum,Vincetoxicum biglandulosum,,Plantae,1194972
97869678,2006/09/28 7:43 AM AEST,28/09/2006,2006-09-27 21:43:00 UTC,Brisbane,108966,nyoni-pete,2021-10-11 06:34:58 UTC,2022-01-01 20:32:53 UTC,needs_id,CC-BY-NC,https://www.inaturalist.org/observations/97869678,https://inaturalist-open-data.s3.amazonaws.com/photos/162840265/medium.jpeg,,,4578/80  on the Wiki list of NI plants.,0,0,FALSE,,Norfolk Island,-29.040835,167.954712,6825,,,,6825,,,FALSE,,,,Norfolk Island,Norfolk Island Cane Orchid,Dendrobium macropus,Norfolk Island Cane Orchid,Plantae,906588
97869698,2006/09/28 7:50 AM AEST,28/09/2006,2006-09-27 21:50:00 UTC,Brisbane,108966,nyoni-pete,2021-10-11 06:36:04 UTC,2022-01-01 20:32:53 UTC,needs_id,CC-BY-NC,https://www.inaturalist.org/observations/97869698,https://inaturalist-open-data.s3.amazonaws.com/photos/162840394/medium.jpeg,,,4581  on the Wiki list of NI plants.,0,0,FALSE,,Norfolk Island,-29.040835,167.954712,6825,,,,6825,,,FALSE,,,,Norfolk Island,Climbing Fern,Arthropteris tenella,Climbing Fern,Plantae,370450
97869722,2006/09/28 7:58 AM AEST,28/09/2006,2006-09-27 21:58:00 UTC,Brisbane,108966,nyoni-pete,2021-10-11 06:37:08 UTC,2022-01-01 20:32:53 UTC,research,CC-BY-NC,https://www.inaturalist.org/observations/97869722,https://inaturalist-open-data.s3.amazonaws.com/photos/162840455/medium.jpeg,,,4582  on the Wiki list of NI plants.,1,0,FALSE,,Norfolk Island,-29.040835,167.954712,6825,,,,6825,,open,FALSE,,,,Norfolk Island,sea hibiscus,Hibiscus tiliaceus,sea hibiscus,Plantae,62868
97979034,2006/09/28 8:11 AM AEST,28/09/2006,2006-09-27 22:11:00 UTC,Brisbane,108966,nyoni-pete,2021-10-12 05:14:24 UTC,2022-01-01 20:32:53 UTC,needs_id,CC-BY-NC,https://www.inaturalist.org/observations/97979034,https://inaturalist-open-data.s3.amazonaws.com/photos/163041149/medium.jpeg,,,4590/3  only Pyrrhosia on Wiki list of NI plants.,0,0,FALSE,,Norfolk Island,-29.040835,167.954712,6825,,,,6825,,,FALSE,,,,Norfolk Island,Horseshoe Felt Fern,Pyrrosia confluens,,Plantae,489272
97982981,2006/09/28 9:11 AM AEST,28/09/2006,2006-09-27 23:11:00 UTC,Brisbane,108966,nyoni-pete,2021-10-12 07:08:29 UTC,2022-01-01 20:32:53 UTC,research,CC-BY-NC,https://www.inaturalist.org/observations/97982981,https://inaturalist-open-data.s3.amazonaws.com/photos/163049577/medium.jpeg,,,4607  on Wiki list of plants of NI.,1,0,FALSE,,Norfolk Island,-29.040835,167.954712,6825,,,,6825,,,FALSE,,,,Norfolk Island,Bejuco de mar,Ipomoea pes-caprae,Beach Morning Glory,Plantae,60879
98080352,2006/09/28 9:14 AM AEST,28/09/2006,2006-09-27 23:14:00 UTC,Brisbane,108966,nyoni-pete,2021-10-13 05:47:32 UTC,2022-01-01 20:32:53 UTC,needs_id,CC-BY-NC,https://www.inaturalist.org/observations/98080352,https://inaturalist-open-data.s3.amazonaws.com/photos/163229178/medium.jpeg,,,4609  on the Wiki list of NI plants. endemic,0,0,FALSE,,Norfolk Island,-29.040835,167.954712,6825,,,,6825,,,FALSE,,,,Norfolk Island,Nettle Tree,Boehmeria australis,Nettle Tree,Plantae,400044
98080517,2006/09/28 9:15 AM AEST,28/09/2006,2006-09-27 23:15:00 UTC,Brisbane,108966,nyoni-pete,2021-10-13 05:54:08 UTC,2022-02-23 12:05:23 UTC,research,CC-BY-NC,https://www.inaturalist.org/observations/98080517,https://inaturalist-open-data.s3.amazonaws.com/photos/163229284/medium.jpeg,,,"4612   on the Wiki list of NI Plants, listed as Z. baueriana.",1,0,FALSE,,Norfolk Island,-29.040835,167.954712,6825,,,,6825,,,FALSE,,,,Norfolk Island,Zehneria baueriana,Zehneria baueriana,,Plantae,1361286
98080628,2006/09/28 9:45 AM AEST,28/09/2006,2006-09-27 23:45:00 UTC,Brisbane,108966,nyoni-pete,2021-10-13 05:57:10 UTC,2022-01-01 20:32:53 UTC,needs_id,CC-BY-NC,https://www.inaturalist.org/observations/98080628,https://inaturalist-open-data.s3.amazonaws.com/photos/163229791/medium.jpeg,,,4617  on the Wiki list of NI Plants.  subsp australiense,0,0,FALSE,,Norfolk Island,-29.040835,167.954712,6825,,,,6825,,,FALSE,,,,Norfolk Island,Australian Wax Jasmine,Jasminum simplicifolium,Australian wax jasmine,Plantae,370057
98080664,2006/09/28 10:36 AM AEST,28/09/2006,2006-09-28 00:36:00 UTC,Brisbane,108966,nyoni-pete,2021-10-13 05:58:41 UTC,2022-01-01 20:32:53 UTC,needs_id,CC-BY-NC,https://www.inaturalist.org/observations/98080664,https://inaturalist-open-data.s3.amazonaws.com/photos/163229951/medium.jpeg,,,4621 on the Wiki list of NI Plants - endemic.,0,0,FALSE,,Norfolk Island,-29.040835,167.954712,6825,,,,6825,,,FALSE,,,,Norfolk Island,Meryta latifolia,Meryta latifolia,,Plantae,961840
98080829,2006/09/29 7:25 AM AEST,29/09/2006,2006-09-28 21:25:00 UTC,Brisbane,108966,nyoni-pete,2021-10-13 06:02:24 UTC,2022-01-01 20:32:53 UTC,needs_id,CC-BY-NC,https://www.inaturalist.org/observations/98080829,https://inaturalist-open-data.s3.amazonaws.com/photos/163230220/medium.jpeg,,,4633/4  on the Wiki list of NI Plants,0,0,FALSE,,Norfolk Island,-29.040835,167.954712,6825,,,,6825,,,FALSE,,,,Norfolk Island,Asplenium difforme,Asplenium difforme,,Plantae,897298
98081715,2006/09/29 1:16 PM AEST,29/09/2006,2006-09-29 03:16:00 UTC,Brisbane,108966,nyoni-pete,2021-10-13 06:25:24 UTC,2022-01-01 20:32:53 UTC,needs_id,CC-BY-NC,https://www.inaturalist.org/observations/98081715,https://inaturalist-open-data.s3.amazonaws.com/photos/163231779/medium.jpeg,,,4698,0,0,FALSE,,Norfolk Island,-29.040835,167.954712,6825,,,,6825,,,FALSE,,,,Norfolk Island,Hibiscus diversifolius,Hibiscus diversifolius,Prickly Hibiscus,Plantae,287814
98081904,2006/09/29 3:17 PM AEST,29/09/2006,2006-09-29 05:17:00 UTC,Brisbane,108966,nyoni-pete,2021-10-13 06:33:12 UTC,2022-02-23 12:07:36 UTC,needs_id,CC-BY-NC,https://www.inaturalist.org/observations/98081904,https://inaturalist-open-data.s3.amazonaws.com/photos/163232124/medium.jpeg,,,4718  on the Wiki list of NI Plants as Melanthera biflora.,0,0,FALSE,,Norfolk Island,-29.040835,167.954712,6825,,,,6825,,,FALSE,,,,Norfolk Island,Wollastonia uniflora,Wollastonia uniflora,,Plantae,1181607
98175247,2006/09/23 3:40 PM AEST,23/09/2006,2006-09-23 05:40:00 UTC,Brisbane,412258,leithallb,2021-10-14 06:59:55 UTC,2021-10-14 07:04:24 UTC,needs_id,CC-BY-NC,https://www.inaturalist.org/observations/98175247,https://inaturalist-open-data.s3.amazonaws.com/photos/163405930/medium.jpeg,,,4058,0,0,FALSE,,Norfolk Island,-29.040835,167.954712,6825,,,,6825,,,FALSE,,,,Norfolk Island,Pigface,Carpobrotus glaucescens,pigface,Plantae,60109
98175349,2006/09/23 3:55 PM AEST,23/09/2006,2006-09-23 05:55:00 UTC,Brisbane,412258,leithallb,2021-10-14 07:03:30 UTC,2021-10-14 07:03:30 UTC,needs_id,CC-BY-NC,https://www.inaturalist.org/observations/98175349,https://inaturalist-open-data.s3.amazonaws.com/photos/163406153/medium.jpeg,,,4069,0,0,FALSE,,Norfolk Island,-29.040835,167.954712,6825,,,,6825,,open,FALSE,,,,Norfolk Island,Norfolk Island Pine,Araucaria heterophylla,Norfolk Island Pine,Plantae,127890
98175560,2006/09/24 8:09 AM AEST,24/09/2006,2006-09-23 22:09:00 UTC,Brisbane,412258,leithallb,2021-10-14 07:11:41 UTC,2021-10-14 07:11:41 UTC,needs_id,CC-BY-NC,https://www.inaturalist.org/observations/98175560,https://inaturalist-open-data.s3.amazonaws.com/photos/163406494/medium.jpeg,,,4095,0,0,FALSE,,Norfolk Island,-29.040835,167.954712,6825,,,,6825,,,FALSE,,,,Norfolk Island,New Zealand Flax,Phormium tenax,New Zealand flax,Plantae,51754
98569672,2006/09/24 8:46 AM AEST,24/09/2006,2006-09-23 22:46:00 UTC,Brisbane,412258,leithallb,2021-10-18 02:37:41 UTC,2021-10-18 02:37:41 UTC,needs_id,CC-BY-NC,https://www.inaturalist.org/observations/98569672,https://inaturalist-open-data.s3.amazonaws.com/photos/164140773/medium.jpeg,,,4121,0,0,FALSE,,Norfolk Island,-29.040835,167.954712,6825,,,,6825,,,FALSE,,,,Norfolk Island,Kangaroo Fern,Microsorum pustulatum,kangaroo fern,Plantae,64060
98755469,2006/09/24 8:54 AM AEST,24/09/2006,2006-09-23 22:54:00 UTC,Brisbane,412258,leithallb,2021-10-20 01:39:25 UTC,2021-10-20 01:39:26 UTC,needs_id,CC-BY-NC,https://www.inaturalist.org/observations/98755469,https://inaturalist-open-data.s3.amazonaws.com/photos/164493864/medium.jpeg,,,4124/26,0,0,FALSE,,Norfolk Island,-29.040835,167.954712,6825,,,,6825,,,FALSE,,,,Norfolk Island,Asplenium dimorphum,Asplenium dimorphum,,Plantae,430696
98755911,2006/09/24 1:22 PM AEST,24/09/2006,2006-09-24 03:22:00 UTC,Brisbane,412258,leithallb,2021-10-20 01:45:39 UTC,2021-10-20 01:45:39 UTC,needs_id,CC-BY-NC,https://www.inaturalist.org/observations/98755911,https://inaturalist-open-data.s3.amazonaws.com/photos/164494735/medium.jpeg,,,4166,0,0,FALSE,,Norfolk Island,-29.040835,167.954712,6825,,,,6825,,,FALSE,,,,Norfolk Island,Horseshoe Felt Fern,Pyrrosia confluens,,Plantae,489272
98756120,2006/09/24 4:03 PM AEST,24/09/2006,2006-09-24 06:03:00 UTC,Brisbane,412258,leithallb,2021-10-20 01:48:20 UTC,2021-10-20 01:48:20 UTC,needs_id,CC-BY-NC,https://www.inaturalist.org/observations/98756120,https://inaturalist-open-data.s3.amazonaws.com/photos/164495212/medium.jpeg,,,4225,0,0,FALSE,,Norfolk Island,-29.040835,167.954712,6825,,,,6825,,,FALSE,,,,Norfolk Island,Slender Knotweed,Persicaria decipiens,Slender Knotweed,Plantae,369917
98756263,2006/09/25 7:40 AM AEST,25/09/2006,2006-09-24 21:40:00 UTC,Brisbane,412258,leithallb,2021-10-20 01:50:13 UTC,2022-01-16 14:08:24 UTC,research,CC-BY-NC,https://www.inaturalist.org/observations/98756263,https://inaturalist-open-data.s3.amazonaws.com/photos/164495460/medium.jpeg,,,4239,1,0,FALSE,,Norfolk Island,-29.040835,167.954712,6825,,,,6825,,,FALSE,,,,Norfolk Island,Hibiscus insularis,Hibiscus insularis,,Plantae,570341
98756643,2006/09/25 7:44 AM AEST,25/09/2006,2006-09-24 21:44:00 UTC,Brisbane,412258,leithallb,2021-10-20 01:54:39 UTC,2021-10-20 01:54:39 UTC,needs_id,CC-BY-NC,https://www.inaturalist.org/observations/98756643,https://inaturalist-open-data.s3.amazonaws.com/photos/164496044/medium.jpeg,,,4244,0,0,FALSE,,Norfolk Island,-29.040835,167.954712,6825,,,,6825,,,FALSE,,,,Norfolk Island,Norfolk Tree Fern,Sphaeropteris excelsa,Norfolk tree fern,Plantae,1105429
98756768,2006/09/25 8:05 AM AEST,25/09/2006,2006-09-24 22:05:00 UTC,Brisbane,412258,leithallb,2021-10-20 01:56:27 UTC,2021-10-20 01:56:27 UTC,needs_id,CC-BY-NC,https://www.inaturalist.org/observations/98756768,https://inaturalist-open-data.s3.amazonaws.com/photos/164496338/medium.jpeg,,,4262,0,0,FALSE,,Norfolk Island,-29.040835,167.954712,6825,,,,6825,,,FALSE,,,,Norfolk Island,Prickly Shield Fern,Arachniodes aristata,Prickly Shield fern,Plantae,369398
98758723,2006/09/25 8:06 AM AEST,25/09/2006,2006-09-24 22:06:00 UTC,Brisbane,412258,leithallb,2021-10-20 02:21:00 UTC,2021-10-20 02:21:00 UTC,needs_id,CC-BY-NC,https://www.inaturalist.org/observations/98758723,https://inaturalist-open-data.s3.amazonaws.com/photos/164499208/medium.jpeg,,,4263,0,0,FALSE,,Norfolk Island,-29.040835,167.954712,6825,,,,6825,,open,FALSE,,,,Norfolk Island,Kawakawa,Piper excelsum,Kawakawa,Plantae,404899
98758818,2006/09/25 8:08 AM AEST,25/09/2006,2006-09-24 22:08:00 UTC,Brisbane,412258,leithallb,2021-10-20 02:22:33 UTC,2021-10-20 02:22:33 UTC,needs_id,CC-BY-NC,https://www.inaturalist.org/observations/98758818,https://inaturalist-open-data.s3.amazonaws.com/photos/164499876/medium.jpeg,,,4265,0,0,FALSE,,Norfolk Island,-29.040835,167.954712,6825,,,,6825,,,FALSE,,,,Norfolk Island,Melodinus baueri,Melodinus baueri,,Plantae,890341
98759314,2006/09/25 8:18 AM AEST,25/09/2006,2006-09-24 22:18:00 UTC,Brisbane,412258,leithallb,2021-10-20 02:30:31 UTC,2021-10-20 02:44:09 UTC,research,CC-BY-NC,https://www.inaturalist.org/observations/98759314,https://inaturalist-open-data.s3.amazonaws.com/photos/164500917/medium.jpeg,,,4274/75,1,0,FALSE,,Norfolk Island,-29.040835,167.954712,6825,,,,6825,,,FALSE,,,,Norfolk Island,長尾鐵線蕨,Adiantum diaphanum,Filmy Maidenhair,Plantae,327382
98759717,2006/09/25 8:23 AM AEST,25/09/2006,2006-09-24 22:23:00 UTC,Brisbane,412258,leithallb,2021-10-20 02:36:37 UTC,2021-10-20 02:36:37 UTC,needs_id,CC-BY-NC,https://www.inaturalist.org/observations/98759717,https://inaturalist-open-data.s3.amazonaws.com/photos/164501937/medium.jpeg,,,4278,0,0,FALSE,,Norfolk Island,-29.040835,167.954712,6825,,,,6825,,,FALSE,,,,Norfolk Island,Dianella intermedia,Dianella intermedia,,Plantae,1065134
98759975,2006/09/25 8:46 AM AEST,25/09/2006,2006-09-24 22:46:00 UTC,Brisbane,412258,leithallb,2021-10-20 02:39:26 UTC,2021-10-20 02:39:26 UTC,needs_id,CC-BY-NC,https://www.inaturalist.org/observations/98759975,https://inaturalist-open-data.s3.amazonaws.com/photos/164502359/medium.jpeg,,,4288,0,0,FALSE,,Norfolk Island,-29.040835,167.954712,6825,,,,6825,,,FALSE,,,,Norfolk Island,Bird's Nest Fern,Asplenium australasicum,Bird's nest fern,Plantae,83561
98834444,2006/09/26 3:11 PM AEST,26/09/2006,2006-09-26 05:11:00 UTC,Brisbane,412258,leithallb,2021-10-20 22:50:37 UTC,2021-11-23 09:19:49 UTC,research,CC-BY-NC,https://www.inaturalist.org/observations/98834444,https://inaturalist-open-data.s3.amazonaws.com/photos/164641457/medium.jpeg,,,4422,1,0,FALSE,,Norfolk Island,-29.040835,167.954712,6825,,,,6825,,,FALSE,,,,Norfolk Island,Devil's Horsewhip,Achyranthes aspera,Devil's Horsewhip,Plantae,157960
98836941,2006/09/27 8:34 AM AEST,27/09/2006,2006-09-26 22:34:00 UTC,Brisbane,412258,leithallb,2021-10-20 23:23:23 UTC,2021-10-20 23:23:23 UTC,needs_id,CC-BY-NC,https://www.inaturalist.org/observations/98836941,https://inaturalist-open-data.s3.amazonaws.com/photos/164645856/medium.jpeg,,,4484,0,0,FALSE,,Norfolk Island,-29.040835,167.954712,6825,,,,6825,,,FALSE,,,,Norfolk Island,Prickly Rasp Fern,Doodia aspera,Prickly Rasp fern,Plantae,353835
98837129,2006/09/27 8:50 AM AEST,27/09/2006,2006-09-26 22:50:00 UTC,Brisbane,412258,leithallb,2021-10-20 23:25:23 UTC,2021-11-23 09:19:32 UTC,needs_id,CC-BY-NC,https://www.inaturalist.org/observations/98837129,https://inaturalist-open-data.s3.amazonaws.com/photos/164646071/medium.jpeg,,,4496,0,0,FALSE,,Norfolk Island,-29.040835,167.954712,6825,,,,6825,,,FALSE,,,,Norfolk Island,Microsorum,Microsorum pustulatum,kangaroo fern,Plantae,64060
98837755,2006/09/27 9:56 AM AEST,27/09/2006,2006-09-26 23:56:00 UTC,Brisbane,412258,leithallb,2021-10-20 23:33:51 UTC,2021-10-22 09:56:08 UTC,needs_id,CC-BY-NC,https://www.inaturalist.org/observations/98837755,https://inaturalist-open-data.s3.amazonaws.com/photos/164647044/medium.jpeg,,,4524/25,0,0,FALSE,,Norfolk Island,-29.040835,167.954712,6825,,,,6825,,,FALSE,,,,Norfolk Island,複葉耳蕨屬,Arachniodes aristata,Prickly Shield fern,Plantae,369398
98859502,2006/09/27 9:58 AM AEST,27/09/2006,2006-09-26 23:58:00 UTC,Brisbane,412258,leithallb,2021-10-21 05:44:47 UTC,2022-03-02 04:54:34 UTC,research,CC-BY-NC,https://www.inaturalist.org/observations/98859502,https://inaturalist-open-data.s3.amazonaws.com/photos/164690515/medium.jpeg,,,"I think this is Pteris imcompleta. Listed in the Wiki list of NI plants and at GBIF https://www.gbif.org/species/5614200 as Pteris kingiana. CoL gives P. kingiana as a syn of P. imcompleta.
4528",2,0,FALSE,,Norfolk Island,-29.040835,167.954712,6825,,,,6825,,,FALSE,,,,Norfolk Island,Pteris kingiana,Pteris kingiana,,Plantae,1349995
98859540,2006/09/27 10:05 AM AEST,27/09/2006,2006-09-27 00:05:00 UTC,Brisbane,412258,leithallb,2021-10-21 05:46:18 UTC,2021-10-21 05:46:18 UTC,needs_id,CC-BY-NC,https://www.inaturalist.org/observations/98859540,https://inaturalist-open-data.s3.amazonaws.com/photos/164690640/medium.jpeg,,,4534,0,0,FALSE,,Norfolk Island,-29.040835,167.954712,6825,,,,6825,,,FALSE,,,,Norfolk Island,Carex neesiana,Carex neesiana,,Plantae,1290459
98859988,2006/09/28 7:39 AM AEST,28/09/2006,2006-09-27 21:39:00 UTC,Brisbane,412258,leithallb,2021-10-21 06:00:22 UTC,2021-10-21 06:00:22 UTC,needs_id,CC-BY-NC,https://www.inaturalist.org/observations/98859988,https://inaturalist-open-data.s3.amazonaws.com/photos/164691368/medium.jpeg,,,4576,0,0,FALSE,,Norfolk Island,-29.040835,167.954712,6825,,,,6825,,,FALSE,,,,Norfolk Island,Vincetoxicum biglandulosum,Vincetoxicum biglandulosum,,Plantae,1194972
98860190,2006/09/28 7:43 AM AEST,28/09/2006,2006-09-27 21:43:00 UTC,Brisbane,412258,leithallb,2021-10-21 06:05:16 UTC,2021-10-21 06:05:16 UTC,needs_id,CC-BY-NC,https://www.inaturalist.org/observations/98860190,https://inaturalist-open-data.s3.amazonaws.com/photos/164691567/medium.jpeg,,,4577/79,0,0,FALSE,,Norfolk Island,-29.040835,167.954712,6825,,,,6825,,,FALSE,,,,Norfolk Island,Norfolk Island Cane Orchid,Dendrobium macropus,Norfolk Island Cane Orchid,Plantae,906588
98860310,2006/09/28 8:11 AM AEST,28/09/2006,2006-09-27 22:11:00 UTC,Brisbane,412258,leithallb,2021-10-21 06:09:19 UTC,2021-10-21 06:09:19 UTC,needs_id,CC-BY-NC,https://www.inaturalist.org/observations/98860310,https://inaturalist-open-data.s3.amazonaws.com/photos/164691842/medium.jpeg,,,4591,0,0,FALSE,,Norfolk Island,-29.040835,167.954712,6825,,,,6825,,,FALSE,,,,Norfolk Island,Horseshoe Felt Fern,Pyrrosia confluens,,Plantae,489272
99025798,2006/09/28 9:15 AM AEST,28/09/2006,2006-09-27 23:15:00 UTC,Brisbane,412258,leithallb,2021-10-22 22:50:05 UTC,2021-10-22 22:50:05 UTC,needs_id,CC-BY-NC,https://www.inaturalist.org/observations/99025798,https://inaturalist-open-data.s3.amazonaws.com/photos/164994577/medium.jpeg,,,4611,0,0,FALSE,,Norfolk Island,-29.040835,167.954712,6825,,,,6825,,,FALSE,,,,Norfolk Island,Nettle Tree,Boehmeria australis,Nettle Tree,Plantae,400044
99026038,2006/09/28 10:36 AM AEST,28/09/2006,2006-09-28 00:36:00 UTC,Brisbane,412258,leithallb,2021-10-22 22:53:21 UTC,2021-10-22 22:53:21 UTC,needs_id,CC-BY-NC,https://www.inaturalist.org/observations/99026038,https://inaturalist-open-data.s3.amazonaws.com/photos/164995303/medium.jpeg,,,4622,0,0,FALSE,,Norfolk Island,-29.040835,167.954712,6825,,,,6825,,,FALSE,,,,Norfolk Island,Meryta latifolia,Meryta latifolia,,Plantae,961840
99026197,2006/09/29 7:26 AM AEST,29/09/2006,2006-09-28 21:26:00 UTC,Brisbane,412258,leithallb,2021-10-22 22:55:41 UTC,2021-10-22 22:55:41 UTC,needs_id,CC-BY-NC,https://www.inaturalist.org/observations/99026197,https://inaturalist-open-data.s3.amazonaws.com/photos/164995636/medium.jpeg,,,4635,0,0,FALSE,,Norfolk Island,-29.040835,167.954712,6825,,,,6825,,,FALSE,,,,Norfolk Island,Asplenium difforme,Asplenium difforme,,Plantae,897298
99033902,2006/09/29 1:15 PM AEST,29/09/2006,2006-09-29 03:15:00 UTC,Brisbane,412258,leithallb,2021-10-23 00:22:49 UTC,2021-10-23 00:22:49 UTC,needs_id,CC-BY-NC,https://www.inaturalist.org/observations/99033902,https://inaturalist-open-data.s3.amazonaws.com/photos/165009449/medium.jpeg,,,4697,0,0,FALSE,,Norfolk Island,-29.040835,167.954712,6825,,,,6825,,,FALSE,,,,Norfolk Island,Prickly Hibiscus,Hibiscus diversifolius,Prickly Hibiscus,Plantae,287814
